Date,T2M_MAX,T2M_MIN,PRECTOTCORR,RH2M,ALLSKY_SFC_SW_DWN,Site
2023-10-01,32.81,14.59,0.03,37.95,25.35,North_Arid
2023-10-02,24.58,11.9,0.03,58.95,17.75,North_Arid
2023-10-03,31.14,10.48,0.04,47.78,24.79,North_Arid
2023-10-04,35.91,14.76,0.0,27.29,27.97,North_Arid
2023-10-05,35.72,15.44,0.0,25.62,28.14,North_Arid
2023-10-06,36.15,15.62,0.0,23.45,27.01,North_Arid
2023-10-07,36.89,18.19,0.0,35.04,26.03,North_Arid
2023-10-08,35.58,19.0,0.19,42.1,25.43,North_Arid
2023-10-09,29.44,15.16,0.66,61.12,13.67,North_Arid
2023-10-10,34.79,17.45,0.01,52.92,23.9,North_Arid
2023-10-11,35.34,18.0,0.0,42.08,26.05,North_Arid
2023-10-12,38.43,18.17,0.0,29.19,26.47,North_Arid
2023-10-13,38.81,21.6,0.03,30.69,17.72,North_Arid
2023-10-14,34.34,18.92,0.05,46.14,23.84,North_Arid
2023-10-15,29.84,15.91,2.07,54.72,9.62,North_Arid
2023-10-16,24.32,15.53,7.77,69.77,6.73,North_Arid
2023-10-17,29.14,14.72,0.22,58.97,13.13,North_Arid
2023-10-18,29.29,13.08,0.18,55.42,24.92,North_Arid
2023-10-19,31.68,15.22,0.04,52.77,27.75,North_Arid
2023-10-20,31.72,14.98,0.08,51.35,26.78,North_Arid
2023-10-21,35.52,16.34,0.0,34.84,29.64,North_Arid
2023-10-22,38.54,18.7,0.07,34.85,24.64,North_Arid
2023-10-23,29.88,14.31,0.9,57.49,17.54,North_Arid
2023-10-24,37.47,15.68,0.0,42.19,25.4,North_Arid
2023-10-25,33.36,16.82,0.23,46.9,27.16,North_Arid
2023-10-26,33.6,15.68,0.61,52.52,27.61,North_Arid
2023-10-27,37.35,17.37,0.0,38.6,29.52,North_Arid
2023-10-28,39.27,18.62,0.0,26.13,29.89,North_Arid
2023-10-29,26.89,11.43,3.59,61.04,18.3,North_Arid
2023-10-30,20.73,8.53,20.45,63.85,8.71,North_Arid
2023-10-31,20.39,9.84,1.07,68.95,6.77,North_Arid
2023-11-01,20.74,11.12,5.87,69.59,8.31,North_Arid
2023-11-02,28.48,12.29,0.55,60.7,19.66,North_Arid
2023-11-03,29.12,13.57,0.02,55.03,22.34,North_Arid
2023-11-04,31.66,14.63,0.0,45.41,29.04,North_Arid
2023-11-05,34.0,16.71,0.01,44.21,27.62,North_Arid
2023-11-06,36.29,18.49,0.68,42.25,28.89,North_Arid
2023-11-07,32.46,20.26,0.11,47.79,11.92,North_Arid
2023-11-08,29.2,18.57,0.26,60.05,17.64,North_Arid
2023-11-09,32.83,15.3,0.0,50.65,28.8,North_Arid
2023-11-10,31.7,16.68,0.17,53.61,24.16,North_Arid
2023-11-11,35.17,17.39,0.0,46.95,30.73,North_Arid
2023-11-12,38.78,17.86,0.01,35.06,30.88,North_Arid
2023-11-13,31.23,17.17,0.18,57.08,27.53,North_Arid
2023-11-14,26.36,15.69,0.6,62.44,20.49,North_Arid
2023-11-15,28.68,13.01,0.08,57.52,16.88,North_Arid
2023-11-16,33.28,15.2,0.0,45.61,28.14,North_Arid
2023-11-17,35.58,18.78,7.6,48.14,29.31,North_Arid
2023-11-18,36.53,19.41,0.18,44.94,25.67,North_Arid
2023-11-19,38.09,20.96,0.02,33.52,23.05,North_Arid
2023-11-20,39.49,23.1,0.0,31.95,21.75,North_Arid
2023-11-21,38.32,23.98,0.59,38.23,26.31,North_Arid
2023-11-22,35.46,23.62,0.97,48.02,27.86,North_Arid
2023-11-23,38.4,23.04,0.0,39.03,30.52,North_Arid
2023-11-24,38.6,21.63,0.0,30.05,31.19,North_Arid
2023-11-25,38.8,20.85,0.0,28.15,31.15,North_Arid
2023-11-26,37.14,21.02,0.0,40.36,30.27,North_Arid
2023-11-27,37.96,20.59,0.0,38.72,30.42,North_Arid
2023-11-28,38.5,21.87,0.0,31.01,29.8,North_Arid
2023-11-29,39.51,18.8,0.41,36.01,29.5,North_Arid
2023-11-30,27.31,14.83,2.68,55.42,13.87,North_Arid
2023-12-01,33.0,14.29,0.02,46.32,32.13,North_Arid
2023-12-02,36.3,16.67,0.0,34.94,32.62,North_Arid
2023-12-03,35.37,18.32,0.0,31.87,32.46,North_Arid
2023-12-04,37.39,18.74,0.0,31.41,32.23,North_Arid
2023-12-05,38.28,19.88,0.0,30.38,32.31,North_Arid
2023-12-06,33.57,19.16,0.59,56.53,27.57,North_Arid
2023-12-07,33.95,18.21,0.67,54.86,24.42,North_Arid
2023-12-08,36.98,19.74,0.08,45.72,29.3,North_Arid
2023-12-09,39.22,22.04,0.0,33.87,28.58,North_Arid
2023-12-10,33.72,21.85,6.52,47.21,7.66,North_Arid
2023-12-11,27.24,18.9,19.21,73.13,11.63,North_Arid
2023-12-12,35.82,19.74,0.16,52.66,24.85,North_Arid
2023-12-13,32.83,20.27,0.14,55.87,16.79,North_Arid
2023-12-14,34.18,17.77,0.02,54.67,19.6,North_Arid
2023-12-15,33.1,22.15,13.84,61.82,15.78,North_Arid
2023-12-16,27.62,21.7,8.54,80.6,18.16,North_Arid
2023-12-17,29.05,19.63,0.34,70.66,18.76,North_Arid
2023-12-18,34.59,20.14,0.11,56.14,22.76,North_Arid
2023-12-19,33.01,21.44,1.63,56.11,25.26,North_Arid
2023-12-20,34.93,18.5,0.09,54.52,25.2,North_Arid
2023-12-21,37.68,20.46,0.0,42.97,31.75,North_Arid
2023-12-22,34.2,18.77,0.41,53.68,29.6,North_Arid
2023-12-23,35.46,19.63,0.09,51.72,29.79,North_Arid
2023-12-24,36.12,20.85,0.13,47.78,30.13,North_Arid
2023-12-25,35.88,21.9,2.56,53.01,26.22,North_Arid
2023-12-26,28.4,17.88,34.21,77.37,11.21,North_Arid
2023-12-27,21.34,14.95,36.55,81.24,7.93,North_Arid
2023-12-28,26.42,15.13,10.28,79.04,12.21,North_Arid
2023-12-29,26.01,17.33,7.75,77.71,16.45,North_Arid
2023-12-30,28.31,15.63,1.06,73.68,27.93,North_Arid
2023-12-31,31.46,17.65,1.11,70.06,22.75,North_Arid
2024-01-01,34.1,20.11,1.48,64.87,29.53,North_Arid
2024-01-02,29.74,18.28,2.53,71.97,19.87,North_Arid
2024-01-03,31.39,18.23,1.42,67.8,28.43,North_Arid
2024-01-04,30.75,18.79,4.85,70.48,27.1,North_Arid
2024-01-05,30.35,17.4,1.53,67.11,25.78,North_Arid
2024-01-06,32.91,17.74,0.0,60.36,30.64,North_Arid
2024-01-07,34.61,19.45,0.0,54.62,30.52,North_Arid
2024-01-08,32.95,19.56,0.05,57.78,30.11,North_Arid
2024-01-09,32.35,18.86,0.88,61.1,26.09,North_Arid
2024-01-10,33.69,19.29,0.46,56.29,27.65,North_Arid
2024-01-11,30.22,21.86,4.74,71.12,26.95,North_Arid
2024-01-12,31.15,21.25,24.32,73.26,18.93,North_Arid
2024-01-13,29.1,21.57,9.55,79.18,22.61,North_Arid
2024-01-14,27.96,20.99,7.54,80.75,23.3,North_Arid
2024-01-15,31.44,19.64,0.07,70.18,27.58,North_Arid
2024-01-16,32.98,21.5,0.36,63.67,25.18,North_Arid
2024-01-17,27.23,20.06,9.89,77.99,11.11,North_Arid
2024-01-18,21.29,16.45,19.14,82.79,9.95,North_Arid
2024-01-19,24.17,14.39,0.64,66.1,17.83,North_Arid
2024-01-20,26.9,13.83,0.31,66.05,23.22,North_Arid
2024-01-21,30.39,12.75,0.01,62.4,26.84,North_Arid
2024-01-22,33.11,16.58,0.01,56.98,30.49,North_Arid
2024-01-23,28.71,17.64,1.28,67.52,19.56,North_Arid
2024-01-24,29.51,16.54,0.78,66.8,22.03,North_Arid
2024-01-25,30.33,16.77,1.47,68.06,17.22,North_Arid
2024-01-26,32.5,15.68,0.22,57.97,23.68,North_Arid
2024-01-27,32.07,18.07,3.46,61.6,22.38,North_Arid
2024-01-28,32.06,19.74,1.13,61.93,23.39,North_Arid
2024-01-29,32.45,19.33,2.16,62.63,28.21,North_Arid
2024-01-30,32.46,19.28,0.34,60.25,23.1,North_Arid
2024-01-31,29.15,18.55,3.46,67.59,23.93,North_Arid
2024-02-01,29.44,16.44,0.69,63.73,22.43,North_Arid
2024-02-02,29.94,16.94,1.39,64.16,22.83,North_Arid
2024-02-03,30.61,16.4,0.86,63.65,23.78,North_Arid
2024-02-04,32.48,18.57,0.37,55.66,26.58,North_Arid
2024-02-05,36.07,19.72,0.24,50.7,25.61,North_Arid
2024-02-06,36.17,20.03,0.14,52.84,28.65,North_Arid
2024-02-07,37.72,20.28,0.03,47.43,29.45,North_Arid
2024-02-08,36.04,22.34,0.87,52.83,26.46,North_Arid
2024-02-09,33.39,20.81,8.14,67.86,20.21,North_Arid
2024-02-10,36.57,21.68,2.83,55.0,21.95,North_Arid
2024-02-11,29.24,16.8,2.02,65.47,17.66,North_Arid
2024-02-12,31.07,16.68,1.54,63.93,20.89,North_Arid
2024-02-13,35.18,17.79,0.01,54.66,27.61,North_Arid
2024-02-14,35.31,18.36,0.0,51.23,29.05,North_Arid
2024-02-15,34.67,17.52,0.0,45.1,29.67,North_Arid
2024-02-16,37.85,19.25,0.0,40.48,28.95,North_Arid
2024-02-17,38.42,21.19,0.08,40.75,27.72,North_Arid
2024-02-18,34.89,21.15,0.18,55.25,25.25,North_Arid
2024-02-19,33.27,19.66,1.07,59.36,26.6,North_Arid
2024-02-20,33.43,19.31,0.87,57.95,24.85,North_Arid
2024-02-21,36.25,20.62,0.03,47.1,27.98,North_Arid
2024-02-22,35.43,21.22,0.93,50.29,27.21,North_Arid
2024-02-23,35.86,21.07,0.05,48.02,28.6,North_Arid
2024-02-24,36.23,20.07,0.0,41.24,28.98,North_Arid
2024-02-25,38.67,20.47,0.0,41.72,26.85,North_Arid
2024-02-26,32.64,19.81,1.37,57.47,24.61,North_Arid
2024-02-27,29.39,16.86,1.1,62.48,12.92,North_Arid
2024-02-28,28.4,15.74,0.89,63.4,13.47,North_Arid
2024-02-29,29.86,15.16,0.35,56.5,22.5,North_Arid
2024-03-01,31.49,14.58,0.2,52.88,23.29,North_Arid
2024-03-02,32.64,15.97,0.0,46.26,27.18,North_Arid
2024-03-03,33.19,18.27,0.13,47.84,25.2,North_Arid
2024-03-04,34.66,19.05,0.13,51.19,26.5,North_Arid
2024-03-05,38.41,20.27,0.0,42.2,27.07,North_Arid
2024-03-06,39.36,24.51,0.19,38.42,18.8,North_Arid
2024-03-07,34.71,21.96,2.66,59.81,23.74,North_Arid
2024-03-08,37.94,23.06,0.01,44.33,25.9,North_Arid
2024-03-09,35.61,22.76,0.17,49.53,24.78,North_Arid
2024-03-10,36.17,20.57,0.25,50.96,25.45,North_Arid
2024-03-11,34.63,19.8,0.18,50.43,23.83,North_Arid
2024-03-12,32.94,20.25,0.47,59.16,22.28,North_Arid
2024-03-13,38.28,18.32,0.0,40.96,25.23,North_Arid
2024-03-14,37.7,21.89,0.15,46.91,21.02,North_Arid
2024-03-15,32.06,19.68,1.04,63.93,19.98,North_Arid
2024-03-16,36.11,19.79,0.65,58.46,22.78,North_Arid
2024-03-17,32.69,21.22,4.79,61.51,23.09,North_Arid
2024-03-18,31.35,18.41,4.85,67.22,16.12,North_Arid
2024-03-19,34.44,18.59,2.05,61.11,19.36,North_Arid
2024-03-20,35.1,19.84,3.93,58.85,23.52,North_Arid
2024-03-21,27.47,19.52,32.05,81.66,17.21,North_Arid
2024-03-22,28.0,17.69,0.63,69.79,22.67,North_Arid
2024-03-23,26.11,17.69,1.85,73.03,13.8,North_Arid
2024-03-24,28.35,16.86,1.64,73.13,16.78,North_Arid
2024-03-25,28.17,18.22,1.53,73.28,14.24,North_Arid
2024-03-26,28.58,17.39,1.69,72.29,13.93,North_Arid
2024-03-27,30.03,16.81,0.1,66.9,14.9,North_Arid
2024-03-28,30.57,15.85,0.01,62.5,17.87,North_Arid
2024-03-29,30.86,17.15,0.14,63.63,20.87,North_Arid
2024-03-30,27.96,18.0,1.01,72.33,14.35,North_Arid
2024-03-31,27.87,16.43,0.37,70.32,15.6,North_Arid
2024-04-01,28.94,16.55,0.1,67.06,16.21,North_Arid
2024-04-02,30.69,15.34,0.0,59.41,22.44,North_Arid
2024-04-03,30.29,16.94,0.07,61.29,20.3,North_Arid
2024-04-04,30.69,17.94,0.56,65.63,18.3,North_Arid
2024-04-05,30.44,18.95,0.38,61.44,13.29,North_Arid
2024-04-06,28.34,17.76,3.08,71.23,9.6,North_Arid
2024-04-07,27.45,17.66,1.65,74.28,9.79,North_Arid
2024-04-08,25.37,17.31,1.92,77.36,7.28,North_Arid
2024-04-09,30.85,17.09,1.64,69.09,12.59,North_Arid
2024-04-10,29.08,14.61,0.0,46.4,22.61,North_Arid
2024-04-11,25.17,15.02,0.56,69.8,16.34,North_Arid
2024-04-12,24.93,13.19,0.11,64.62,12.85,North_Arid
2024-04-13,25.51,12.48,0.05,61.21,15.44,North_Arid
2024-04-14,28.08,12.61,0.0,56.0,20.86,North_Arid
2024-04-15,27.76,13.14,0.01,59.07,18.41,North_Arid
2024-04-16,26.35,14.83,0.71,67.67,17.44,North_Arid
2024-04-17,27.02,15.46,1.98,66.83,16.65,North_Arid
2024-04-18,29.95,14.76,0.0,55.47,21.35,North_Arid
2024-04-19,31.35,15.96,0.0,50.13,19.71,North_Arid
2024-04-20,32.44,16.1,0.0,51.09,20.97,North_Arid
2024-04-21,33.93,18.05,0.0,42.63,21.56,North_Arid
2024-04-22,33.91,17.4,0.0,35.31,21.74,North_Arid
2024-04-23,35.59,19.36,0.0,30.92,21.58,North_Arid
2024-04-24,32.5,16.83,1.18,57.96,19.71,North_Arid
2024-04-25,33.57,16.42,0.0,47.84,19.98,North_Arid
2024-04-26,29.52,18.13,0.69,68.11,16.84,North_Arid
2024-04-27,25.63,15.0,1.79,68.54,10.4,North_Arid
2024-04-28,24.72,11.43,0.1,61.19,20.32,North_Arid
2024-04-29,27.24,9.78,0.0,52.37,19.49,North_Arid
2024-04-30,30.41,12.08,0.0,38.73,20.53,North_Arid
2024-05-01,31.88,13.97,0.0,38.0,20.12,North_Arid
2024-05-02,31.16,15.12,0.0,38.38,20.33,North_Arid
2024-05-03,29.74,14.72,0.0,59.23,18.32,North_Arid
2024-05-04,28.0,14.24,0.0,60.5,17.8,North_Arid
2024-05-05,30.82,13.47,0.0,43.27,20.08,North_Arid
2024-05-06,31.49,15.72,0.0,32.12,20.12,North_Arid
2024-05-07,31.5,13.41,0.0,38.16,19.9,North_Arid
2024-05-08,31.18,13.12,0.0,42.1,19.8,North_Arid
2024-05-09,28.98,12.45,0.03,51.57,19.45,North_Arid
2024-05-10,30.9,14.75,0.0,38.1,19.42,North_Arid
2024-05-11,32.27,13.72,0.0,28.13,19.38,North_Arid
2024-05-12,28.34,15.44,0.06,67.87,13.76,North_Arid
2024-05-13,26.95,15.43,0.81,73.29,12.37,North_Arid
2024-05-14,25.74,15.72,0.36,71.71,9.75,North_Arid
2024-05-15,27.65,13.86,0.03,65.39,14.3,North_Arid
2024-05-16,28.18,12.0,0.0,56.85,18.31,North_Arid
2024-05-17,30.19,11.91,0.0,40.19,18.57,North_Arid
2024-05-18,28.41,13.09,0.0,48.28,18.1,North_Arid
2024-05-19,27.99,13.69,0.03,65.07,15.21,North_Arid
2024-05-20,28.54,13.06,0.0,59.53,16.97,North_Arid
2024-05-21,27.35,12.06,0.0,60.47,16.55,North_Arid
2024-05-22,25.56,11.11,0.0,61.31,16.92,North_Arid
2024-05-23,27.14,11.48,0.0,54.63,16.57,North_Arid
2024-05-24,28.45,12.5,0.0,40.89,17.93,North_Arid
2024-05-25,26.25,11.29,0.0,54.19,17.33,North_Arid
2024-05-26,27.99,12.64,0.0,40.03,16.89,North_Arid
2024-05-27,26.19,10.85,0.0,43.78,16.66,North_Arid
2024-05-28,25.65,11.54,0.09,65.1,15.4,North_Arid
2024-05-29,26.02,12.29,0.0,52.86,15.71,North_Arid
2024-05-30,26.41,12.75,0.0,43.36,17.3,North_Arid
2024-05-31,27.95,14.56,0.0,32.47,17.03,North_Arid
2024-06-01,28.29,13.4,0.0,36.65,16.19,North_Arid
2024-06-02,28.31,12.49,0.0,45.7,14.57,North_Arid
2024-06-03,25.88,10.92,0.0,39.24,15.29,North_Arid
2024-06-04,21.9,6.48,0.0,24.92,17.82,North_Arid
2024-06-05,26.31,6.57,0.0,21.33,17.77,North_Arid
2024-06-06,29.7,11.87,0.0,17.37,16.68,North_Arid
2024-06-07,24.81,10.95,0.0,24.36,16.57,North_Arid
2024-06-08,19.62,8.31,0.01,58.26,14.08,North_Arid
2024-06-09,19.83,5.99,0.0,60.54,14.1,North_Arid
2024-06-10,20.26,5.34,0.0,59.88,15.46,North_Arid
2024-06-11,20.99,5.86,0.0,60.14,15.91,North_Arid
2024-06-12,22.75,7.55,0.0,44.35,16.95,North_Arid
2024-06-13,25.94,7.4,0.0,36.97,16.68,North_Arid
2024-06-14,23.78,8.84,0.02,66.01,16.12,North_Arid
2024-06-15,24.49,8.35,0.02,61.22,16.21,North_Arid
2024-06-16,24.14,8.84,0.0,56.06,14.9,North_Arid
2024-06-17,23.17,7.67,0.0,58.48,14.96,North_Arid
2024-06-18,25.08,10.8,0.0,47.42,15.95,North_Arid
2024-06-19,26.8,9.53,0.0,32.66,16.24,North_Arid
2024-06-20,25.25,10.07,0.0,41.21,15.8,North_Arid
2024-06-21,23.65,12.1,0.28,69.42,14.87,North_Arid
2024-06-22,25.18,9.84,0.0,53.2,16.16,North_Arid
2024-06-23,21.44,11.69,0.81,72.66,11.82,North_Arid
2024-06-24,21.79,10.53,0.14,68.93,11.2,North_Arid
2024-06-25,22.82,11.55,0.08,63.64,9.29,North_Arid
2024-06-26,21.63,9.75,0.18,71.39,9.65,North_Arid
2024-06-27,21.84,9.91,0.08,72.69,7.47,North_Arid
2024-06-28,21.81,10.6,0.07,72.59,10.84,North_Arid
2024-06-29,22.36,8.64,0.01,61.14,16.3,North_Arid
2024-06-30,24.78,9.01,0.0,42.59,15.82,North_Arid
2024-07-01,25.87,10.35,0.0,39.11,16.32,North_Arid
2024-07-02,24.61,9.43,0.0,43.61,16.18,North_Arid
2024-07-03,26.62,12.05,0.0,36.97,16.51,North_Arid
2024-07-04,28.37,9.77,0.0,23.65,16.68,North_Arid
2024-07-05,25.87,6.53,0.0,19.72,17.29,North_Arid
2024-07-06,26.21,5.75,0.0,15.03,18.29,North_Arid
2024-07-07,25.41,6.72,0.0,11.42,17.74,North_Arid
2024-07-08,23.7,6.69,0.0,19.59,17.21,North_Arid
2024-07-09,23.36,2.1,0.0,18.28,18.35,North_Arid
2024-07-10,26.86,5.03,0.0,10.52,17.99,North_Arid
2024-07-11,28.79,9.74,0.0,9.05,17.88,North_Arid
2024-07-12,29.47,11.98,0.0,8.02,17.77,North_Arid
2024-07-13,29.77,13.47,0.0,9.2,17.64,North_Arid
2024-07-14,29.99,11.01,0.0,10.79,17.68,North_Arid
2024-07-15,28.05,9.51,0.0,27.87,16.57,North_Arid
2024-07-16,26.01,9.69,0.01,53.77,12.94,North_Arid
2024-07-17,28.62,12.26,0.0,29.97,16.88,North_Arid
2024-07-18,29.17,13.74,0.0,20.94,17.46,North_Arid
2024-07-19,30.21,13.96,0.0,18.58,17.62,North_Arid
2024-07-20,28.92,11.0,0.0,24.23,17.36,North_Arid
2024-07-21,26.73,10.24,0.0,40.11,16.77,North_Arid
2024-07-22,27.09,10.32,0.0,57.38,16.84,North_Arid
2024-07-23,28.32,11.69,0.0,40.98,17.22,North_Arid
2024-07-24,30.38,11.42,0.0,31.04,17.73,North_Arid
2024-07-25,26.24,8.54,0.01,44.06,17.47,North_Arid
2024-07-26,25.32,8.9,0.0,55.76,13.76,North_Arid
2024-07-27,28.53,10.62,0.0,41.09,16.93,North_Arid
2024-07-28,29.19,9.73,0.0,14.85,18.26,North_Arid
2024-07-29,25.49,8.31,0.0,27.52,18.62,North_Arid
2024-07-30,25.54,8.49,0.0,48.22,17.02,North_Arid
2024-07-31,23.77,10.97,0.02,59.77,15.93,North_Arid
2024-08-01,24.57,11.72,0.1,68.0,13.56,North_Arid
2024-08-02,26.45,9.51,0.0,54.3,18.14,North_Arid
2024-08-03,29.36,13.68,0.0,36.83,18.21,North_Arid
2024-08-04,29.88,11.09,0.0,34.42,18.34,North_Arid
2024-08-05,32.97,12.87,0.02,29.22,18.27,North_Arid
2024-08-06,25.18,12.15,0.05,66.58,7.93,North_Arid
2024-08-07,27.26,10.74,0.0,55.07,18.02,North_Arid
2024-08-08,30.13,12.05,0.0,42.34,19.2,North_Arid
2024-08-09,33.07,14.52,0.0,27.57,19.33,North_Arid
2024-08-10,33.69,14.05,0.0,16.89,19.56,North_Arid
2024-08-11,32.99,16.92,0.0,15.25,19.19,North_Arid
2024-08-12,33.34,12.46,0.0,16.5,19.62,North_Arid
2024-08-13,27.4,13.5,0.01,58.21,16.17,North_Arid
2024-08-14,31.96,11.81,0.0,29.71,20.06,North_Arid
2024-08-15,29.1,9.59,0.0,20.13,20.08,North_Arid
2024-08-16,28.23,10.68,0.0,42.99,19.15,North_Arid
2024-08-17,29.6,12.93,0.0,30.86,20.98,North_Arid
2024-08-18,31.18,13.92,0.0,25.39,21.27,North_Arid
2024-08-19,29.33,12.44,0.0,30.62,21.25,North_Arid
2024-08-20,28.33,11.28,0.02,50.49,21.09,North_Arid
2024-08-21,29.71,11.02,0.0,34.53,21.46,North_Arid
2024-08-22,26.88,12.57,0.0,38.59,20.82,North_Arid
2024-08-23,23.03,11.13,0.05,60.08,12.83,North_Arid
2024-08-24,25.27,8.56,0.0,55.04,19.24,North_Arid
2024-08-25,30.96,12.16,0.0,31.89,21.93,North_Arid
2024-08-26,31.24,12.83,0.0,28.72,22.28,North_Arid
2024-08-27,33.03,15.83,0.0,18.85,22.13,North_Arid
2024-08-28,35.01,16.54,0.0,13.88,22.06,North_Arid
2024-08-29,25.75,12.78,0.48,63.89,18.11,North_Arid
2024-08-30,21.46,10.32,0.61,68.24,6.9,North_Arid
2024-08-31,21.72,10.5,0.27,63.37,8.97,North_Arid
2024-09-01,24.79,8.19,0.01,52.54,23.36,North_Arid
2024-09-02,28.57,9.1,0.0,36.36,23.42,North_Arid
2024-09-03,27.04,10.3,0.0,51.07,22.53,North_Arid
2024-09-04,28.11,10.35,0.0,44.07,23.52,North_Arid
2024-09-05,29.94,11.65,0.0,29.99,23.7,North_Arid
2024-09-06,32.68,12.7,0.0,29.15,23.76,North_Arid
2024-09-07,29.2,13.72,0.13,50.15,22.34,North_Arid
2024-09-08,32.54,15.19,0.0,36.41,22.35,North_Arid
2024-09-09,28.13,14.09,0.21,47.43,18.97,North_Arid
2024-09-10,22.58,10.97,0.29,65.94,8.83,North_Arid
2024-09-11,28.44,12.17,0.17,62.22,14.55,North_Arid
2024-09-12,33.42,14.66,0.0,47.44,23.46,North_Arid
2024-09-13,35.82,15.76,0.0,34.97,23.7,North_Arid
2024-09-14,36.56,16.51,0.0,29.04,23.5,North_Arid
2024-09-15,35.2,18.89,0.0,24.9,22.55,North_Arid
2024-09-16,36.03,18.61,0.0,26.34,20.26,North_Arid
2024-09-17,31.74,17.05,0.01,44.82,20.85,North_Arid
2024-09-18,36.06,17.23,0.0,32.63,20.23,North_Arid
2024-09-19,38.86,18.77,0.07,21.65,17.6,North_Arid
2024-09-20,23.61,11.26,0.15,58.81,8.44,North_Arid
2024-09-21,20.0,10.61,0.73,68.45,7.1,North_Arid
2024-09-22,20.7,9.19,0.27,61.12,6.96,North_Arid
2024-09-23,24.15,9.27,0.02,52.09,11.8,North_Arid
2024-09-24,28.38,10.63,0.0,48.56,24.26,North_Arid
2024-09-25,35.34,15.25,0.0,39.18,24.42,North_Arid
2024-09-26,37.54,19.51,0.0,29.56,23.92,North_Arid
2024-09-27,34.56,15.76,0.0,30.38,25.24,North_Arid
2024-09-28,33.39,15.34,0.0,45.66,21.49,North_Arid
2024-09-29,38.69,18.17,0.0,33.2,20.37,North_Arid
2024-09-30,34.04,19.38,0.11,18.1,17.66,North_Arid
2024-10-01,30.29,12.27,0.0,17.8,24.86,North_Arid
2024-10-02,24.86,9.7,0.0,47.32,16.25,North_Arid
2024-10-03,24.43,11.38,0.15,54.16,15.54,North_Arid
2024-10-04,25.02,9.49,0.01,50.74,19.8,North_Arid
2024-10-05,26.11,9.62,0.0,48.93,26.06,North_Arid
2024-10-06,30.02,11.14,0.0,36.51,27.85,North_Arid
2024-10-07,34.12,13.94,0.0,24.04,27.35,North_Arid
2024-10-08,29.99,14.39,0.3,48.49,26.16,North_Arid
2024-10-09,30.98,13.72,0.72,50.79,24.09,North_Arid
2024-10-10,33.76,15.61,0.0,40.6,26.07,North_Arid
2024-10-11,34.38,16.85,0.0,34.84,27.67,North_Arid
2024-10-12,36.7,17.72,0.0,27.4,27.51,North_Arid
2024-10-13,36.51,18.31,0.0,26.44,27.06,North_Arid
2024-10-14,37.25,18.4,0.0,28.38,26.56,North_Arid
2024-10-15,25.38,13.3,2.14,63.32,10.51,North_Arid
2024-10-16,26.44,11.97,0.55,52.7,18.34,North_Arid
2024-10-17,30.26,11.08,0.0,43.6,27.88,North_Arid
2024-10-18,34.8,14.6,0.0,38.04,27.79,North_Arid
2024-10-19,37.56,18.17,0.0,33.49,26.23,North_Arid
2024-10-20,34.26,18.84,0.06,36.94,19.76,North_Arid
2024-10-21,30.89,18.13,0.11,48.23,20.55,North_Arid
2024-10-22,31.92,17.55,2.66,54.48,23.49,North_Arid
2024-10-23,35.04,20.6,0.34,44.59,25.69,North_Arid
2024-10-24,31.6,16.51,0.45,57.07,17.32,North_Arid
2024-10-25,36.49,18.26,0.0,44.12,26.26,North_Arid
2024-10-26,35.24,19.52,0.09,46.38,27.42,North_Arid
2024-10-27,39.91,19.83,3.54,41.49,21.97,North_Arid
2024-10-28,38.67,22.23,4.44,42.81,21.84,North_Arid
2024-10-29,35.18,17.99,0.0,27.59,27.57,North_Arid
2024-10-30,34.65,17.26,0.07,38.27,27.7,North_Arid
2024-10-31,30.97,15.56,0.04,52.92,23.01,North_Arid
2024-11-01,32.94,16.04,0.02,49.66,28.16,North_Arid
2024-11-02,37.05,17.67,0.0,38.21,29.66,North_Arid
2024-11-03,39.08,20.19,0.0,29.85,30.1,North_Arid
2024-11-04,38.42,18.94,0.0,24.93,31.06,North_Arid
2024-11-05,36.61,19.28,0.01,29.42,29.05,North_Arid
2024-11-06,28.41,19.62,3.94,63.82,18.53,North_Arid
2024-11-07,30.9,16.85,0.65,62.08,12.84,North_Arid
2024-11-08,32.16,16.22,0.53,58.61,16.15,North_Arid
2024-11-09,33.39,19.21,0.25,51.27,22.32,North_Arid
2024-11-10,29.63,21.15,6.02,58.33,22.16,North_Arid
2024-11-11,24.32,19.36,29.15,78.38,7.57,North_Arid
2024-11-12,23.02,18.24,33.72,84.7,6.17,North_Arid
2024-11-13,31.18,16.6,0.64,64.2,16.57,North_Arid
2024-11-14,27.69,14.75,0.08,60.1,26.87,North_Arid
2024-11-15,29.67,14.17,0.02,55.13,28.63,North_Arid
2024-11-16,33.31,16.62,0.0,45.86,30.5,North_Arid
2024-11-17,33.93,19.49,0.08,43.16,28.43,North_Arid
2024-11-18,33.93,18.59,0.29,49.46,28.97,North_Arid
2024-11-19,34.47,19.76,0.0,43.99,29.05,North_Arid
2024-11-20,34.67,19.48,0.16,53.97,29.71,North_Arid
2024-11-21,36.03,19.09,0.01,46.31,31.07,North_Arid
2024-11-22,35.13,19.0,1.94,47.68,29.65,North_Arid
2024-11-23,31.24,21.64,1.59,52.48,17.85,North_Arid
2024-11-24,30.64,19.58,0.3,60.14,22.23,North_Arid
2024-11-25,34.58,20.34,0.0,50.8,25.6,North_Arid
2024-11-26,33.73,20.89,0.02,46.84,24.54,North_Arid
2024-11-27,35.86,22.48,1.61,48.14,26.55,North_Arid
2024-11-28,32.73,18.3,1.95,57.1,21.54,North_Arid
2024-11-29,31.0,15.05,0.35,50.64,21.11,North_Arid
2024-11-30,31.13,14.82,0.08,49.56,30.57,North_Arid
2024-12-01,34.09,16.27,0.0,40.98,31.78,North_Arid
2024-12-02,36.41,17.47,0.0,37.02,30.49,North_Arid
2024-12-03,37.5,19.65,0.0,33.95,31.49,North_Arid
2024-12-04,39.54,19.53,0.0,30.73,26.09,North_Arid
2024-12-05,39.9,20.85,0.0,30.61,25.32,North_Arid
2024-12-06,40.59,21.57,0.0,31.15,29.28,North_Arid
2024-12-07,34.68,23.92,0.26,49.48,26.43,North_Arid
2024-12-08,32.16,20.11,0.78,59.47,24.5,North_Arid
2024-12-09,36.98,20.91,0.21,49.22,20.65,North_Arid
2024-12-10,38.45,22.45,0.04,41.92,29.67,North_Arid
2024-12-11,39.35,24.19,0.03,35.37,29.97,North_Arid
2024-12-12,39.68,23.05,0.0,29.69,31.4,North_Arid
2024-12-13,41.79,22.78,0.0,25.46,31.45,North_Arid
2024-12-14,35.45,21.43,0.92,47.22,29.84,North_Arid
2024-12-15,32.07,18.44,3.03,59.16,25.74,North_Arid
2024-12-16,38.53,22.08,0.07,41.06,29.74,North_Arid
2024-12-17,37.92,22.13,14.09,44.53,28.66,North_Arid
2024-12-18,36.52,21.96,0.86,42.6,4.05,North_Arid
2024-12-19,30.37,22.47,16.85,61.79,21.69,North_Arid
2024-12-20,27.69,20.0,3.71,70.85,11.67,North_Arid
2024-12-21,31.36,19.19,3.71,65.92,21.57,North_Arid
2024-12-22,34.97,20.85,0.61,55.91,27.59,North_Arid
2024-12-23,34.58,23.18,0.31,53.84,20.83,North_Arid
2024-12-24,31.95,21.06,3.93,62.37,23.76,North_Arid
2024-12-25,30.56,18.23,2.69,64.38,11.96,North_Arid
2024-12-26,32.23,18.39,0.41,61.55,18.61,North_Arid
2024-12-27,35.0,20.25,0.17,51.89,28.36,North_Arid
2024-12-28,32.55,22.86,14.31,64.76,22.43,North_Arid
2024-12-29,31.72,21.84,5.66,70.05,21.16,North_Arid
2024-12-30,31.13,21.21,1.77,69.29,19.51,North_Arid
2024-12-31,34.07,21.86,1.07,63.56,26.17,North_Arid
2025-01-01,34.39,22.92,1.91,57.3,26.23,North_Arid
2025-01-02,29.35,22.01,14.06,71.73,24.67,North_Arid
2025-01-03,33.36,21.71,4.27,65.8,24.6,North_Arid
2025-01-04,33.14,21.67,4.39,63.97,24.79,North_Arid
2025-01-05,33.53,21.97,3.21,59.9,27.27,North_Arid
2025-01-06,29.88,22.22,3.91,72.67,21.29,North_Arid
2025-01-07,30.92,22.05,8.74,71.7,24.33,North_Arid
2025-01-08,30.33,21.66,30.25,76.88,26.86,North_Arid
2025-01-09,29.06,20.08,1.43,76.78,16.02,North_Arid
2025-01-10,30.6,20.91,3.58,74.49,18.52,North_Arid
2025-01-11,28.9,20.32,11.85,77.39,17.59,North_Arid
2025-01-12,29.57,21.92,6.15,73.18,25.71,North_Arid
2025-01-13,26.59,19.64,4.38,81.01,9.11,North_Arid
2025-01-14,29.02,18.77,8.2,76.96,14.14,North_Arid
2025-01-15,27.97,20.57,9.89,80.62,20.51,North_Arid
2025-01-16,25.9,17.6,4.34,79.14,7.5,North_Arid
2025-01-17,25.9,16.2,0.23,73.71,9.52,North_Arid
2025-01-18,31.52,17.25,0.07,66.51,13.16,North_Arid
2025-01-19,30.79,20.11,0.38,62.42,27.66,North_Arid
2025-01-20,33.1,17.22,2.24,63.59,27.93,North_Arid
2025-01-21,30.13,19.37,0.74,64.95,27.97,North_Arid
2025-01-22,31.37,17.19,0.35,63.3,29.36,North_Arid
2025-01-23,32.78,17.06,0.1,58.12,30.3,North_Arid
2025-01-24,34.67,17.62,0.04,56.16,30.22,North_Arid
2025-01-25,33.23,19.29,0.17,59.24,29.7,North_Arid
2025-01-26,33.0,17.59,0.03,59.88,28.43,North_Arid
2025-01-27,34.09,17.71,0.0,53.42,31.58,North_Arid
2025-01-28,33.79,17.44,0.0,55.0,30.39,North_Arid
2025-01-29,33.53,18.45,0.0,54.79,27.73,North_Arid
2025-01-30,34.94,18.33,0.0,54.17,29.44,North_Arid
2025-01-31,36.4,20.37,0.03,46.65,29.68,North_Arid
2025-02-01,35.9,23.04,0.65,50.17,24.37,North_Arid
2025-02-02,37.23,21.92,0.37,48.62,28.87,North_Arid
2025-02-03,37.83,21.71,0.0,42.32,30.36,North_Arid
2025-02-04,37.08,21.37,0.06,46.48,28.58,North_Arid
2025-02-05,37.41,22.65,0.0,48.71,28.39,North_Arid
2025-02-06,34.59,23.77,0.08,51.4,27.4,North_Arid
2025-02-07,33.42,19.96,0.0,48.11,30.36,North_Arid
2025-02-08,35.07,16.85,0.0,49.93,29.34,North_Arid
2025-02-09,35.65,19.53,0.42,56.58,14.2,North_Arid
2025-02-10,28.74,20.86,12.7,71.82,12.06,North_Arid
2025-02-11,30.33,19.71,7.81,75.09,15.83,North_Arid
2025-02-12,29.99,19.45,1.61,70.82,17.42,North_Arid
2025-02-13,30.13,20.39,1.66,72.19,17.11,North_Arid
2025-02-14,29.19,20.62,2.28,73.28,8.94,North_Arid
2025-02-15,28.28,20.05,4.66,74.91,13.8,North_Arid
2025-02-16,29.04,20.11,1.53,71.02,19.69,North_Arid
2025-02-17,28.85,19.23,9.78,76.4,19.03,North_Arid
2025-02-18,30.37,20.11,7.42,77.47,18.96,North_Arid
2025-02-19,27.02,18.3,18.19,81.62,14.94,North_Arid
2025-02-20,29.36,16.96,1.95,73.96,12.05,North_Arid
2025-02-21,31.48,19.13,1.95,75.06,18.12,North_Arid
2025-02-22,32.95,20.32,0.92,70.71,24.84,North_Arid
2025-02-23,30.06,21.53,15.89,80.02,13.09,North_Arid
2025-02-24,31.02,20.3,6.26,71.59,21.97,North_Arid
2025-02-25,32.0,20.05,3.44,70.02,21.43,North_Arid
2025-02-26,31.71,19.53,3.81,69.45,20.3,North_Arid
2025-02-27,31.51,18.3,0.9,69.34,27.4,North_Arid
2025-02-28,31.04,18.24,1.14,65.63,19.9,North_Arid
2025-03-01,30.97,18.23,1.02,68.69,15.59,North_Arid
2025-03-02,31.5,18.96,0.45,67.5,23.67,North_Arid
2025-03-03,29.23,18.88,4.2,71.32,17.5,North_Arid
2025-03-04,31.38,17.81,2.13,68.19,22.4,North_Arid
2025-03-05,32.68,18.75,0.43,61.22,26.85,North_Arid
2025-03-06,34.1,19.48,0.48,57.37,26.4,North_Arid
2025-03-07,34.45,20.54,0.07,56.16,25.79,North_Arid
2025-03-08,30.03,19.45,1.18,63.86,25.26,North_Arid
2025-03-09,31.17,17.85,3.2,67.69,21.28,North_Arid
2025-03-10,32.5,18.41,1.32,62.03,22.55,North_Arid
2025-03-11,30.12,19.77,2.62,71.2,20.19,North_Arid
2025-03-12,28.45,18.71,2.47,73.3,15.65,North_Arid
2025-03-13,31.08,18.04,1.32,67.41,23.26,North_Arid
2025-03-14,29.86,17.87,1.82,66.08,17.11,North_Arid
2025-03-15,28.85,16.97,0.85,67.9,19.04,North_Arid
2025-03-16,27.38,14.95,0.68,64.12,16.75,North_Arid
2025-03-17,28.85,15.06,0.02,62.99,13.98,North_Arid
2025-03-18,28.31,15.29,0.11,63.64,14.99,North_Arid
2025-03-19,28.46,16.08,0.13,65.7,17.07,North_Arid
2025-03-20,29.35,16.6,0.14,63.98,21.35,North_Arid
2025-03-21,31.0,17.1,0.01,54.01,22.68,North_Arid
2025-03-22,32.74,19.33,0.0,49.76,23.87,North_Arid
2025-03-23,33.38,18.18,0.0,49.6,23.04,North_Arid
2025-03-24,33.05,19.51,0.08,51.41,23.39,North_Arid
2025-03-25,32.74,18.43,0.31,58.38,22.54,North_Arid
2025-03-26,33.5,19.6,0.78,51.09,20.41,North_Arid
2025-03-27,30.88,19.39,3.17,66.03,18.67,North_Arid
2025-03-28,29.84,17.65,1.0,66.03,17.5,North_Arid
2025-03-29,31.49,16.56,0.03,57.41,22.72,North_Arid
2025-03-30,34.05,19.78,0.01,48.21,23.34,North_Arid
2025-03-31,31.92,19.56,1.27,59.77,21.34,North_Arid
2025-04-01,32.33,18.08,0.07,59.93,21.21,North_Arid
2025-04-02,33.05,20.38,0.14,49.3,22.09,North_Arid
2025-04-03,29.43,19.44,1.16,66.93,13.79,North_Arid
2025-04-04,26.81,17.2,1.45,70.98,8.93,North_Arid
2025-04-05,27.02,16.91,1.2,70.57,15.76,North_Arid
2025-04-06,29.99,17.39,1.6,65.42,20.62,North_Arid
2025-04-07,31.37,17.76,0.44,61.42,19.31,North_Arid
2025-04-08,31.89,19.07,0.02,53.35,22.52,North_Arid
2025-04-09,33.12,20.19,8.3,62.54,7.79,North_Arid
2025-04-10,32.66,18.22,1.03,60.74,20.1,North_Arid
2025-04-11,27.2,17.0,3.62,67.85,8.94,North_Arid
2025-04-12,27.54,15.08,0.96,64.65,14.72,North_Arid
2025-04-13,29.53,16.43,0.01,52.24,20.95,North_Arid
2025-04-14,30.69,17.09,0.0,41.61,20.08,North_Arid
2025-04-15,29.78,16.39,0.96,53.27,18.7,North_Arid
2025-04-16,29.97,16.99,0.4,64.54,16.11,North_Arid
2025-04-17,28.27,16.45,0.35,64.37,13.93,North_Arid
2025-04-18,25.6,14.62,0.88,64.89,6.48,North_Arid
2025-04-19,26.38,13.37,0.47,64.93,9.54,North_Arid
2025-04-20,28.93,14.09,0.0,54.29,20.56,North_Arid
2025-04-21,29.67,17.05,0.01,44.92,20.16,North_Arid
2025-04-22,31.1,16.32,0.0,50.09,19.86,North_Arid
2025-04-23,26.3,17.41,0.93,64.59,16.8,North_Arid
2025-04-24,26.23,15.92,1.42,71.24,7.79,North_Arid
2025-04-25,24.4,15.7,2.87,74.52,9.36,North_Arid
2025-04-26,26.82,13.71,0.53,67.55,12.58,North_Arid
2025-04-27,28.07,13.39,0.06,58.33,18.92,North_Arid
2025-04-28,28.2,14.69,0.25,64.6,17.15,North_Arid
2025-04-29,28.25,15.31,0.8,63.75,16.96,North_Arid
2025-04-30,28.97,15.85,0.02,51.84,18.56,North_Arid
2025-05-01,31.23,18.38,0.0,41.98,19.45,North_Arid
2025-05-02,29.34,17.19,0.65,51.18,8.57,North_Arid
2025-05-03,23.46,13.15,0.47,67.51,9.96,North_Arid
2025-05-04,23.07,10.54,0.02,59.64,17.99,North_Arid
2025-05-05,25.57,9.61,0.0,56.99,19.0,North_Arid
2025-05-06,27.76,12.17,0.0,46.11,20.03,North_Arid
2025-05-07,28.58,13.18,0.0,40.01,19.76,North_Arid
2025-05-08,29.95,14.92,0.0,34.24,19.48,North_Arid
2025-05-09,29.32,15.1,0.0,37.82,19.21,North_Arid
2025-05-10,28.65,13.43,0.0,44.27,19.34,North_Arid
2025-05-11,30.74,12.36,0.06,41.1,19.03,North_Arid
2025-05-12,24.56,11.51,0.09,65.74,9.74,North_Arid
2025-05-13,26.24,10.99,0.0,61.21,16.49,North_Arid
2025-05-14,24.43,10.78,0.08,63.04,15.01,North_Arid
2025-05-15,23.75,12.03,0.01,58.41,11.56,North_Arid
2025-05-16,26.21,11.32,0.0,59.43,15.11,North_Arid
2025-05-17,26.7,11.99,0.0,55.12,15.74,North_Arid
2025-05-18,28.81,12.82,0.0,45.28,17.77,North_Arid
2025-05-19,28.02,13.51,0.0,49.71,16.5,North_Arid
2025-05-20,28.58,15.39,0.0,42.58,17.73,North_Arid
2025-05-21,26.57,11.48,0.0,38.33,17.7,North_Arid
2025-05-22,23.46,8.17,0.0,45.76,18.46,North_Arid
2025-05-23,22.56,10.39,0.06,61.45,14.02,North_Arid
2025-05-24,22.72,7.63,0.0,57.14,17.69,North_Arid
2025-05-25,23.72,8.02,0.0,52.31,17.69,North_Arid
2025-05-26,24.21,10.45,0.0,43.51,17.58,North_Arid
2025-05-27,25.56,8.78,0.0,35.66,16.76,North_Arid
2025-05-28,24.23,10.93,0.09,57.01,13.3,North_Arid
2025-05-29,26.06,10.82,0.0,45.35,17.02,North_Arid
2025-05-30,28.27,9.94,0.02,39.4,17.3,North_Arid
2025-05-31,24.69,9.99,0.07,60.01,15.93,North_Arid
