Date,NDVI,Field_ID,Location
2023-01-11,0.16445040189544025,north_field_a,Unknown
2023-01-11,0.4211611590655651,north_field_g,Unknown
2023-01-11,0.2408923678752771,north_field_h,Unknown
2023-01-11,0.4905565690891634,north_field_j,Unknown
2023-01-11,0.22682424860622794,north_field_e,Unknown
2023-01-11,0.5332185003168701,north_field_m,Unknown
2023-01-11,0.5347813463129435,north_field_b,Unknown
2023-01-11,0.17598914698689264,north_field_d,Unknown
2023-01-11,0.2897280776868816,north_field_c,Unknown
2023-01-11,0.41557032625054663,north_field_l,Unknown
2023-01-11,0.37514493333922955,north_field_k,Unknown
2023-01-11,0.2546324468658689,north_field_i,Unknown
2023-01-11,0.1935155421323706,north_field_f,Unknown
2023-02-25,0.3861704411092203,north_field_i,Unknown
2023-02-25,0.1906114498924603,north_field_a,Unknown
2023-02-25,0.2551646637287978,north_field_h,Unknown
2023-02-25,0.7166545415804951,north_field_j,Unknown
2023-02-25,0.1480068070271203,north_field_e,Unknown
2023-02-25,0.39892364667637153,north_field_m,Unknown
2023-02-25,0.39427376152802424,north_field_b,Unknown
2023-02-25,0.6014029364010628,north_field_k,Unknown
2023-02-25,0.15620783543474115,north_field_d,Unknown
2023-02-25,0.4439293859337881,north_field_g,Unknown
2023-02-25,0.4072399746588408,north_field_l,Unknown
2023-02-25,0.23481689092172311,north_field_f,Unknown
2023-02-25,0.5498991371558409,north_field_c,Unknown
2023-03-17,0.3895243103297692,north_field_m,Unknown
2023-03-17,0.3554220666672462,north_field_i,Unknown
2023-03-17,0.2562884148046831,north_field_h,Unknown
2023-03-17,0.37039519757192496,north_field_f,Unknown
2023-03-17,0.19430375309186065,north_field_e,Unknown
2023-03-17,0.3593751103448425,north_field_l,Unknown
2023-03-17,0.5380604455281529,north_field_c,Unknown
2023-03-17,0.4218911506863498,north_field_g,Unknown
2023-03-17,0.6371964185355798,north_field_j,Unknown
2023-03-17,0.15812465433136316,north_field_d,Unknown
2023-03-17,0.4726615067959641,north_field_b,Unknown
2023-03-17,0.42013094258156863,north_field_k,Unknown
2023-03-17,0.5998120679076395,north_field_a,Unknown
2023-04-21,0.3550726044005519,north_field_a,Unknown
2023-04-21,0.18635861639213896,north_field_j,Unknown
2023-04-21,0.22782758062787165,north_field_l,Unknown
2023-04-21,0.28553168574700794,north_field_b,Unknown
2023-04-21,0.29024600279599355,north_field_i,Unknown
2023-04-21,0.3047898441150452,north_field_m,Unknown
2023-04-21,0.3385784866695909,north_field_f,Unknown
2023-04-21,0.22508826668515317,north_field_k,Unknown
2023-04-21,0.25501485714030453,north_field_c,Unknown
2023-04-21,0.28343978622823884,north_field_g,Unknown
2023-04-21,0.18101201680874918,north_field_d,Unknown
2023-04-21,0.19591673383760522,north_field_e,Unknown
2023-04-21,0.3081651490871402,north_field_h,Unknown
2023-05-06,0.21078383085256552,north_field_l,Unknown
2023-05-06,0.18425315522616714,north_field_e,Unknown
2023-05-06,0.1607680965863139,north_field_j,Unknown
2023-05-06,0.24159808633410773,north_field_b,Unknown
2023-05-06,0.2901408759145616,north_field_m,Unknown
2023-05-06,0.16721944553285603,north_field_c,Unknown
2023-05-06,0.29054210629219357,north_field_h,Unknown
2023-05-06,0.30577187054375543,north_field_f,Unknown
2023-05-06,0.2557728416107183,north_field_i,Unknown
2023-05-06,0.20720823335896155,north_field_k,Unknown
2023-05-06,0.29349529377391004,north_field_a,Unknown
2023-05-06,0.17408548070789132,north_field_d,Unknown
2023-05-06,0.2502690805670663,north_field_g,Unknown
2023-05-11,0.25995615111156595,north_field_a,Unknown
2023-05-11,0.2584132514471362,north_field_f,Unknown
2023-05-11,0.2506380836397815,north_field_i,Unknown
2023-05-11,0.21295931463059586,north_field_l,Unknown
2023-05-11,0.1461237361209247,north_field_c,Unknown
2023-05-11,0.24384196803363178,north_field_b,Unknown
2023-05-11,0.17702249324918815,north_field_d,Unknown
2023-05-11,0.19542642664414184,north_field_k,Unknown
2023-05-11,0.2778084321341823,north_field_m,Unknown
2023-05-11,0.17206045516780433,north_field_e,Unknown
2023-05-11,0.1713482839594037,north_field_j,Unknown
2023-05-11,0.24449896064922047,north_field_g,Unknown
2023-05-11,0.2820493318042824,north_field_h,Unknown
2023-05-26,0.2008081562886471,north_field_e,Unknown
2023-05-26,0.16550259033211093,north_field_c,Unknown
2023-05-26,0.2052808302220986,north_field_l,Unknown
2023-05-26,0.20666496784661403,north_field_k,Unknown
2023-05-26,0.2316328958803303,north_field_b,Unknown
2023-05-26,0.2410824134996537,north_field_i,Unknown
2023-05-26,0.2745246266447413,north_field_m,Unknown
2023-05-26,0.28039395139390105,north_field_f,Unknown
2023-05-26,0.18382666134662867,north_field_d,Unknown
2023-05-26,0.27978739446084067,north_field_h,Unknown
2023-05-26,0.1715789298019088,north_field_j,Unknown
2023-05-26,0.2587400186163256,north_field_a,Unknown
2023-05-26,0.23123901511544248,north_field_g,Unknown
2023-06-05,0.21363261387560864,north_field_g,Unknown
2023-06-05,0.1953729390554313,north_field_k,Unknown
2023-06-05,0.15750646223820156,north_field_c,Unknown
2023-06-05,0.16663869556743807,north_field_j,Unknown
2023-06-05,0.19460647187312716,north_field_l,Unknown
2023-06-05,0.212335162497939,north_field_b,Unknown
2023-06-05,0.253767177424249,north_field_m,Unknown
2023-06-05,0.2253944673356677,north_field_i,Unknown
2023-06-05,0.20277871626316638,north_field_e,Unknown
2023-06-05,0.20126823623732848,north_field_d,Unknown
2023-06-05,0.2328967787567626,north_field_a,Unknown
2023-06-05,0.2570923253489405,north_field_h,Unknown
2023-06-05,0.25551944864877524,north_field_f,Unknown
2023-06-10,0.21903509460777662,north_field_b,Unknown
2023-06-10,0.260318987710257,north_field_m,Unknown
2023-06-10,0.2585495726709757,north_field_h,Unknown
2023-06-10,0.20172956463189617,north_field_k,Unknown
2023-06-10,0.20287246935857972,north_field_l,Unknown
2023-06-10,0.1992406574965975,north_field_d,Unknown
2023-06-10,0.2306171220165235,north_field_i,Unknown
2023-06-10,0.20214621325781604,north_field_e,Unknown
2023-06-10,0.25749065564206125,north_field_f,Unknown
2023-06-10,0.2191391973023092,north_field_g,Unknown
2023-06-10,0.2344054393453839,north_field_a,Unknown
2023-06-10,0.17693153321308752,north_field_j,Unknown
2023-06-10,0.1662975717983387,north_field_c,Unknown
2023-06-15,0.21597511486230234,north_field_d,Unknown
2023-06-15,0.20738957514242112,north_field_l,Unknown
2023-06-15,0.2319787692674713,north_field_i,Unknown
2023-06-15,0.227835564808884,north_field_g,Unknown
2023-06-15,0.26102333578286935,north_field_f,Unknown
2023-06-15,0.241031230187,north_field_a,Unknown
2023-06-15,0.2638211906171472,north_field_h,Unknown
2023-06-15,0.1831832433541396,north_field_j,Unknown
2023-06-15,0.22724386775853353,north_field_b,Unknown
2023-06-15,0.2100410624941995,north_field_k,Unknown
2023-06-15,0.2660233162872807,north_field_m,Unknown
2023-06-15,0.2123731820072254,north_field_e,Unknown
2023-06-15,0.2097810770139218,north_field_c,Unknown
2023-06-20,0.22856093656501422,north_field_i,Unknown
2023-06-20,0.22757276445304325,north_field_e,Unknown
2023-06-20,0.2051515869822304,north_field_d,Unknown
2023-06-20,0.2004948308484586,north_field_c,Unknown
2023-06-20,0.25291424866919987,north_field_h,Unknown
2023-06-20,0.25135599080828447,north_field_f,Unknown
2023-06-20,0.2257817190440247,north_field_b,Unknown
2023-06-20,0.1847777214480945,north_field_j,Unknown
2023-06-20,0.21802291831485157,north_field_g,Unknown
2023-06-20,0.2534604583056674,north_field_m,Unknown
2023-06-20,0.20214513177984994,north_field_k,Unknown
2023-06-20,0.23476881057320861,north_field_a,Unknown
2023-06-20,0.20384150305565021,north_field_l,Unknown
2023-06-25,0.22048324185610713,north_field_a,Unknown
2023-06-25,0.20490774383172797,north_field_g,Unknown
2023-06-25,0.2368223535743107,north_field_f,Unknown
2023-06-25,0.19662869073539224,north_field_k,Unknown
2023-06-25,0.17287650447926722,north_field_j,Unknown
2023-06-25,0.19849266936644092,north_field_e,Unknown
2023-06-25,0.21240316160792044,north_field_i,Unknown
2023-06-25,0.23863191818646096,north_field_h,Unknown
2023-06-25,0.19191849046770001,north_field_l,Unknown
2023-06-25,0.24401504320607798,north_field_m,Unknown
2023-06-25,0.18015771712204534,north_field_c,Unknown
2023-06-25,0.2138826127115955,north_field_b,Unknown
2023-06-25,0.1967614783017352,north_field_d,Unknown
2023-06-30,0.2486790086175611,north_field_f,Unknown
2023-06-30,0.1794610737706729,north_field_c,Unknown
2023-06-30,0.12573434258537364,north_field_d,Unknown
2023-06-30,0.19717430496352226,north_field_b,Unknown
2023-06-30,0.20063613965381868,north_field_k,Unknown
2023-06-30,0.2123709344962562,north_field_i,Unknown
2023-06-30,0.2047424794687501,north_field_g,Unknown
2023-06-30,0.1959475988107458,north_field_l,Unknown
2023-06-30,0.22813643336210557,north_field_a,Unknown
2023-06-30,0.22703251127316465,north_field_e,Unknown
2023-06-30,0.2516540852630599,north_field_h,Unknown
2023-06-30,0.1761222857815815,north_field_j,Unknown
2023-06-30,0.2517813243484083,north_field_m,Unknown
2023-07-30,0.18872419430670778,north_field_g,Unknown
2023-07-30,0.16884460318009395,north_field_b,Unknown
2023-07-30,0.17240352621880692,north_field_j,Unknown
2023-07-30,0.18260960334002427,north_field_k,Unknown
2023-07-30,0.21106749319373413,north_field_f,Unknown
2023-07-30,0.3795955104113148,north_field_c,Unknown
2023-07-30,0.2084010167269951,north_field_h,Unknown
2023-07-30,0.43170996883887913,north_field_d,Unknown
2023-07-30,0.19650138241022003,north_field_i,Unknown
2023-07-30,0.18581135828110268,north_field_l,Unknown
2023-07-30,0.19978914291861713,north_field_a,Unknown
2023-07-30,0.7784694234908078,north_field_e,Unknown
2023-07-30,0.2213028385656833,north_field_m,Unknown
2023-08-14,0.17211726899902707,north_field_k,Unknown
2023-08-14,0.16054525322178628,north_field_j,Unknown
2023-08-14,0.4913248560876404,north_field_d,Unknown
2023-08-14,0.17443339915349185,north_field_l,Unknown
2023-08-14,0.8406833076200332,north_field_e,Unknown
2023-08-14,0.7693770575186031,north_field_c,Unknown
2023-08-14,0.18460878142284176,north_field_i,Unknown
2023-08-14,0.1863616817074939,north_field_a,Unknown
2023-08-14,0.19204950237797824,north_field_h,Unknown
2023-08-14,0.2058415374024297,north_field_m,Unknown
2023-08-14,0.1599684813071202,north_field_b,Unknown
2023-08-14,0.17505248196746676,north_field_g,Unknown
2023-08-14,0.19518384772010663,north_field_f,Unknown
2023-08-19,0.18605650905014118,north_field_f,Unknown
2023-08-19,0.17884841724456335,north_field_a,Unknown
2023-08-19,0.16686889490944842,north_field_g,Unknown
2023-08-19,0.16598002804228415,north_field_l,Unknown
2023-08-19,0.16550731980553013,north_field_k,Unknown
2023-08-19,0.1505733744918908,north_field_b,Unknown
2023-08-19,0.1971667022039634,north_field_m,Unknown
2023-08-19,0.8069716683428283,north_field_c,Unknown
2023-08-19,0.15332221754606984,north_field_j,Unknown
2023-08-19,0.4990884436932515,north_field_d,Unknown
2023-08-19,0.18269525070553447,north_field_h,Unknown
2023-08-19,0.8429540695049632,north_field_e,Unknown
2023-08-19,0.1751269106253962,north_field_i,Unknown
2023-09-03,0.17614511531595084,north_field_l,Unknown
2023-09-03,0.16286463513730973,north_field_j,Unknown
2023-09-03,0.18861650847183706,north_field_f,Unknown
2023-09-03,0.17085592585743867,north_field_g,Unknown
2023-09-03,0.5194253011679415,north_field_d,Unknown
2023-09-03,0.8148027609548442,north_field_c,Unknown
2023-09-03,0.17742942065418627,north_field_a,Unknown
2023-09-03,0.8118086070031681,north_field_e,Unknown
2023-09-03,0.19589993912828849,north_field_m,Unknown
2023-09-03,0.1534502942664862,north_field_b,Unknown
2023-09-03,0.18418590591384246,north_field_i,Unknown
2023-09-03,0.18631936366768181,north_field_h,Unknown
2023-09-03,0.170372795696262,north_field_k,Unknown
2023-09-08,0.7680453456983324,north_field_e,Unknown
2023-09-08,0.16722434820802168,north_field_g,Unknown
2023-09-08,0.17776402078860698,north_field_h,Unknown
2023-09-08,0.18184455397057164,north_field_f,Unknown
2023-09-08,0.8038517782824142,north_field_c,Unknown
2023-09-08,0.15628590214155744,north_field_j,Unknown
2023-09-08,0.15372346667183517,north_field_b,Unknown
2023-09-08,0.18977402823879375,north_field_m,Unknown
2023-09-08,0.16213000134042996,north_field_k,Unknown
2023-09-08,0.1727841643364712,north_field_i,Unknown
2023-09-08,0.16873358509648995,north_field_l,Unknown
2023-09-08,0.5153265867784752,north_field_d,Unknown
2023-09-08,0.17351888049010197,north_field_a,Unknown
2023-09-23,0.533852595020273,north_field_e,Unknown
2023-09-23,0.18206984016153988,north_field_f,Unknown
2023-09-23,0.16044401538752373,north_field_k,Unknown
2023-09-23,0.1724337283108746,north_field_i,Unknown
2023-09-23,0.1527138399529804,north_field_b,Unknown
2023-09-23,0.17964059503954777,north_field_h,Unknown
2023-09-23,0.16778742058499202,north_field_a,Unknown
2023-09-23,0.1662541902710252,north_field_g,Unknown
2023-09-23,0.19148478887136233,north_field_m,Unknown
2023-09-23,0.17228494220643392,north_field_l,Unknown
2023-09-23,0.7727683613569967,north_field_c,Unknown
2023-09-23,0.15861195587258853,north_field_j,Unknown
2023-09-23,0.5068859808162388,north_field_d,Unknown
2023-10-03,0.19572158842235907,north_field_m,Unknown
2023-10-03,0.17434033463671503,north_field_f,Unknown
2023-10-03,0.7030410011745956,north_field_c,Unknown
2023-10-03,0.16168961047988167,north_field_a,Unknown
2023-10-03,0.1726980072584784,north_field_h,Unknown
2023-10-03,0.14834465930787744,north_field_b,Unknown
2023-10-03,0.16464825123094673,north_field_i,Unknown
2023-10-03,0.15546446087748625,north_field_k,Unknown
2023-10-03,0.41275030134365803,north_field_d,Unknown
2023-10-03,0.16334927558273457,north_field_g,Unknown
2023-10-03,0.16890728979869885,north_field_l,Unknown
2023-10-03,0.15550669978886122,north_field_j,Unknown
2023-10-03,0.22606348457007516,north_field_e,Unknown
2023-10-08,0.1901711765267466,north_field_e,Unknown
2023-10-08,0.2330568294972321,north_field_d,Unknown
2023-10-08,0.5667395114692173,north_field_c,Unknown
2023-10-08,0.1460059063386291,north_field_j,Unknown
2023-10-08,0.17670631050898036,north_field_m,Unknown
2023-10-08,0.16391602109268483,north_field_f,Unknown
2023-10-08,0.14698020556267286,north_field_a,Unknown
2023-10-08,0.13287757231094058,north_field_b,Unknown
2023-10-08,0.14824102556233415,north_field_k,Unknown
2023-10-08,0.1602896271130623,north_field_h,Unknown
2023-10-08,0.15949071061457798,north_field_l,Unknown
2023-10-08,0.14997043348268752,north_field_g,Unknown
2023-10-08,0.15591579848009102,north_field_i,Unknown
2023-10-28,0.18560764049229825,north_field_e,Unknown
2023-10-28,0.2091903196272596,north_field_m,Unknown
2023-10-28,0.20575527348286168,north_field_h,Unknown
2023-10-28,0.15748750707235115,north_field_b,Unknown
2023-10-28,0.15794000474415226,north_field_i,Unknown
2023-10-28,0.20696353250907787,north_field_f,Unknown
2023-10-28,0.22996935738710195,north_field_d,Unknown
2023-10-28,0.15261201884013748,north_field_k,Unknown
2023-10-28,0.14645537157411034,north_field_a,Unknown
2023-10-28,0.17322500413160513,north_field_c,Unknown
2023-10-28,0.17120478269261058,north_field_l,Unknown
2023-10-28,0.18367423377518835,north_field_g,Unknown
2023-10-28,0.14908870681812003,north_field_j,Unknown
2023-11-12,0.28600884721933384,north_field_d,Unknown
2023-11-12,0.1575570951766065,north_field_a,Unknown
2023-11-12,0.2565447406963791,north_field_l,Unknown
2023-11-12,0.28752611490588065,north_field_m,Unknown
2023-11-12,0.16191083493528477,north_field_j,Unknown
2023-11-12,0.1538805762380717,north_field_i,Unknown
2023-11-12,0.15984887127440067,north_field_b,Unknown
2023-11-12,0.18301521975155047,north_field_h,Unknown
2023-11-12,0.175439023996674,north_field_c,Unknown
2023-11-12,0.17776087671731064,north_field_e,Unknown
2023-11-12,0.24379990510267757,north_field_k,Unknown
2023-11-12,0.22512155855859545,north_field_f,Unknown
2023-11-12,0.25107302977572604,north_field_g,Unknown
2023-11-17,0.2648623684350987,north_field_d,Unknown
2023-11-17,0.19297161255239156,north_field_a,Unknown
2023-11-17,0.20090616816472562,north_field_k,Unknown
2023-11-17,0.11166269294334111,north_field_j,Unknown
2023-11-17,0.22158495324413935,north_field_g,Unknown
2023-11-17,0.16980696540722073,north_field_h,Unknown
2023-11-17,0.2619113859208198,north_field_m,Unknown
2023-11-17,0.15978515458325032,north_field_e,Unknown
2023-11-17,0.07839551733263111,north_field_i,Unknown
2023-11-17,0.16065888105713108,north_field_c,Unknown
2023-11-17,0.16498466057352887,north_field_b,Unknown
2023-11-17,0.2347387424596185,north_field_l,Unknown
2023-11-17,0.19491464840739836,north_field_f,Unknown
2023-11-22,0.15024598574966302,north_field_c,Unknown
2023-11-22,0.1336902363734067,north_field_j,Unknown
2023-11-22,0.21151972888229742,north_field_b,Unknown
2023-11-22,0.17565124891365605,north_field_f,Unknown
2023-11-22,0.2050529843654753,north_field_g,Unknown
2023-11-22,0.15433493901635872,north_field_e,Unknown
2023-11-22,0.18538050200147907,north_field_k,Unknown
2023-11-22,0.16101131319155954,north_field_h,Unknown
2023-11-22,0.1969561831864742,north_field_a,Unknown
2023-11-22,0.21674064514947447,north_field_l,Unknown
2023-11-22,0.12774437772365868,north_field_i,Unknown
2023-11-22,0.2328114020714467,north_field_d,Unknown
2023-11-22,0.2478428899680064,north_field_m,Unknown
2023-11-27,0.14913201972059636,north_field_a,Unknown
2023-11-27,0.19383377584413294,north_field_g,Unknown
2023-11-27,0.17640253843146958,north_field_f,Unknown
2023-11-27,0.166692167305675,north_field_h,Unknown
2023-11-27,0.21164197844990776,north_field_l,Unknown
2023-11-27,0.139768515069524,north_field_i,Unknown
2023-11-27,0.23004967699671466,north_field_d,Unknown
2023-11-27,0.14574980355341646,north_field_c,Unknown
2023-11-27,0.17906144290154388,north_field_k,Unknown
2023-11-27,0.15045022258555077,north_field_b,Unknown
2023-11-27,0.2444314688168089,north_field_m,Unknown
2023-11-27,0.16787064050937725,north_field_e,Unknown
2023-11-27,0.13803694621016233,north_field_j,Unknown
2023-12-02,0.29193767663991976,north_field_d,Unknown
2023-12-02,0.14866085277510904,north_field_a,Unknown
2023-12-02,0.28709845386104,north_field_g,Unknown
2023-12-02,0.2047198302042409,north_field_e,Unknown
2023-12-02,0.2748727221230782,north_field_m,Unknown
2023-12-02,0.23679055112798153,north_field_f,Unknown
2023-12-02,0.2574553704853572,north_field_l,Unknown
2023-12-02,0.15886629786644646,north_field_c,Unknown
2023-12-02,0.15627416883258588,north_field_b,Unknown
2023-12-02,0.21290680072953466,north_field_h,Unknown
2023-12-02,0.13925537137003835,north_field_i,Unknown
2023-12-02,0.22442234803848682,north_field_k,Unknown
2023-12-02,0.14421386162391925,north_field_j,Unknown
2024-01-01,0.17724544191442854,north_field_j,Unknown
2024-01-01,0.6137473744255728,north_field_h,Unknown
2024-01-01,0.490437003321321,north_field_g,Unknown
2024-01-01,0.21642902821722113,north_field_d,Unknown
2024-01-01,0.44879303514441876,north_field_e,Unknown
2024-01-01,0.5706614229655426,north_field_k,Unknown
2024-01-01,0.4348420932802927,north_field_f,Unknown
2024-01-01,0.13552627364633332,north_field_i,Unknown
2024-01-01,0.22882365322505452,north_field_l,Unknown
2024-01-01,0.12663252260677488,north_field_b,Unknown
2024-01-01,0.15550939664287344,north_field_a,Unknown
2024-01-01,0.3586748506120348,north_field_c,Unknown
2024-01-01,0.4385779839585715,north_field_m,Unknown
2024-01-11,0.29550412130196957,north_field_m,Unknown
2024-01-11,0.5458213979700569,north_field_h,Unknown
2024-01-11,0.22381403569090683,north_field_l,Unknown
2024-01-11,0.16100400211040802,north_field_i,Unknown
2024-01-11,0.16227193933621364,north_field_a,Unknown
2024-01-11,0.33191844781802443,north_field_g,Unknown
2024-01-11,0.18180066777162743,north_field_b,Unknown
2024-01-11,0.18753483055932255,north_field_j,Unknown
2024-01-11,0.7190916124859801,north_field_c,Unknown
2024-01-11,0.2674911601781475,north_field_e,Unknown
2024-01-11,0.370657992529151,north_field_f,Unknown
2024-01-11,0.27621407932547026,north_field_d,Unknown
2024-01-11,0.33112727629550553,north_field_k,Unknown
2024-02-05,0.1363852350637239,north_field_i,Unknown
2024-02-05,0.24564612007660433,north_field_k,Unknown
2024-02-05,0.08644885361604922,north_field_a,Unknown
2024-02-05,0.2828131707712257,north_field_l,Unknown
2024-02-05,0.1562881070346109,north_field_e,Unknown
2024-02-05,0.08666902858100356,north_field_b,Unknown
2024-02-05,0.11689979122445458,north_field_d,Unknown
2024-02-05,0.1866707576618221,north_field_m,Unknown
2024-02-05,0.1816211675532661,north_field_f,Unknown
2024-02-05,0.14532160759585927,north_field_j,Unknown
2024-02-05,0.2792861040220259,north_field_g,Unknown
2024-02-05,0.12784302015848334,north_field_c,Unknown
2024-02-05,0.35022678462972145,north_field_h,Unknown
2024-02-15,0.27027079887070893,north_field_g,Unknown
2024-02-15,0.14403831198138384,north_field_i,Unknown
2024-02-15,0.18023825591636194,north_field_e,Unknown
2024-02-15,0.32613860022502666,north_field_f,Unknown
2024-02-15,0.38249208067581686,north_field_h,Unknown
2024-02-15,0.14796812590990002,north_field_j,Unknown
2024-02-15,0.1847469426532872,north_field_d,Unknown
2024-02-15,0.1341338033463909,north_field_b,Unknown
2024-02-15,0.19869570083569782,north_field_m,Unknown
2024-02-15,0.1451018753624244,north_field_a,Unknown
2024-02-15,0.24221343066524112,north_field_k,Unknown
2024-02-15,0.30524198331195757,north_field_l,Unknown
2024-02-15,0.17214939973294932,north_field_c,Unknown
2024-02-25,0.1747806314221571,north_field_k,Unknown
2024-02-25,0.11725647118577438,north_field_b,Unknown
2024-02-25,0.14220667811187757,north_field_a,Unknown
2024-02-25,0.228376992038047,north_field_g,Unknown
2024-02-25,0.2378413917398593,north_field_f,Unknown
2024-02-25,0.1486609088880343,north_field_j,Unknown
2024-02-25,0.20529060083540618,north_field_l,Unknown
2024-02-25,0.13307371202383583,north_field_i,Unknown
2024-02-25,0.17863925917133086,north_field_e,Unknown
2024-02-25,0.17075673389443388,north_field_d,Unknown
2024-02-25,0.1561869625616362,north_field_c,Unknown
2024-02-25,0.25369947538436133,north_field_h,Unknown
2024-02-25,0.1778222728893298,north_field_m,Unknown
2024-03-11,0.15155352001977535,north_field_h,Unknown
2024-03-11,0.14351444128704127,north_field_g,Unknown
2024-03-11,0.17117984420632235,north_field_f,Unknown
2024-03-11,0.1781229069198107,north_field_l,Unknown
2024-03-11,0.16729667877825521,north_field_j,Unknown
2024-03-11,0.13166964635202408,north_field_i,Unknown
2024-03-11,0.17947773825006147,north_field_m,Unknown
2024-03-11,0.04966196457582697,north_field_e,Unknown
2024-03-11,0.07457436259737399,north_field_b,Unknown
2024-03-11,0.1886221885032035,north_field_k,Unknown
2024-03-11,0.07607240400211139,north_field_c,Unknown
2024-03-11,0.10017583818765854,north_field_a,Unknown
2024-03-11,0.15498761970575356,north_field_d,Unknown
2024-03-16,0.14339853833798658,north_field_c,Unknown
2024-03-16,0.17662211619058724,north_field_j,Unknown
2024-03-16,0.16679476113816127,north_field_k,Unknown
2024-03-16,0.16694817332237705,north_field_e,Unknown
2024-03-16,0.17457348881915546,north_field_m,Unknown
2024-03-16,0.1415471652704134,north_field_h,Unknown
2024-03-16,0.13217967911654055,north_field_b,Unknown
2024-03-16,0.1424987787866906,north_field_f,Unknown
2024-03-16,0.1331797807285655,north_field_i,Unknown
2024-03-16,0.16599788184917807,north_field_l,Unknown
2024-03-16,0.1630039512997361,north_field_d,Unknown
2024-03-16,0.12239389796596123,north_field_a,Unknown
2024-03-16,0.15095378430526774,north_field_g,Unknown
2024-04-10,0.2397573633102025,north_field_d,Unknown
2024-04-10,0.19865660125568393,north_field_k,Unknown
2024-04-10,0.1772970605743496,north_field_i,Unknown
2024-04-10,0.19651465688550337,north_field_h,Unknown
2024-04-10,0.2296785252111824,north_field_m,Unknown
2024-04-10,0.34143143210613197,north_field_l,Unknown
2024-04-10,0.17081339368741585,north_field_c,Unknown
2024-04-10,0.1950126000969971,north_field_j,Unknown
2024-04-10,0.4664295134940869,north_field_g,Unknown
2024-04-10,0.4357265852317787,north_field_a,Unknown
2024-04-10,0.25944129923954184,north_field_e,Unknown
2024-04-10,0.3381394397865305,north_field_b,Unknown
2024-04-10,0.20398653391987065,north_field_f,Unknown
2024-04-20,0.17368008568406035,north_field_m,Unknown
2024-04-20,0.3893941474867443,north_field_k,Unknown
2024-04-20,0.266657000046271,north_field_e,Unknown
2024-04-20,0.780232402042982,north_field_l,Unknown
2024-04-20,0.16707285361887667,north_field_i,Unknown
2024-04-20,0.7750052659929535,north_field_g,Unknown
2024-04-20,0.13908220901199916,north_field_j,Unknown
2024-04-20,0.4395288392492805,north_field_h,Unknown
2024-04-20,0.1461152995977298,north_field_f,Unknown
2024-04-20,0.6476552422598549,north_field_a,Unknown
2024-04-20,0.1768522338788894,north_field_c,Unknown
2024-04-20,0.3703821882987903,north_field_b,Unknown
2024-04-20,0.2346895895567096,north_field_d,Unknown
2024-04-25,0.2846846893404602,north_field_d,Unknown
2024-04-25,0.5991066873094923,north_field_h,Unknown
2024-04-25,0.8431508588310911,north_field_l,Unknown
2024-04-25,0.17066584834136447,north_field_m,Unknown
2024-04-25,0.23468476909804292,north_field_c,Unknown
2024-04-25,0.4246890773588354,north_field_b,Unknown
2024-04-25,0.3461329926898653,north_field_e,Unknown
2024-04-25,0.1390377678485566,north_field_j,Unknown
2024-04-25,0.746254289908088,north_field_a,Unknown
2024-04-25,0.14898201555373056,north_field_f,Unknown
2024-04-25,0.5966451200912396,north_field_k,Unknown
2024-04-25,0.8039403983002524,north_field_g,Unknown
2024-04-25,0.1645038188813944,north_field_i,Unknown
2024-04-30,0.8050188202965171,north_field_a,Unknown
2024-04-30,0.3123483926423154,north_field_c,Unknown
2024-04-30,0.8789662873376708,north_field_l,Unknown
2024-04-30,0.791748655531654,north_field_h,Unknown
2024-04-30,0.17173603913619326,north_field_f,Unknown
2024-04-30,0.16421057490511695,north_field_j,Unknown
2024-04-30,0.2259598030027776,north_field_i,Unknown
2024-04-30,0.35710886659779223,north_field_d,Unknown
2024-04-30,0.7683782552219728,north_field_k,Unknown
2024-04-30,0.3928327062320185,north_field_e,Unknown
2024-04-30,0.20418432080662624,north_field_m,Unknown
2024-04-30,0.5089714638156889,north_field_b,Unknown
2024-04-30,0.8515322676179276,north_field_g,Unknown
2024-05-05,0.4467162989097004,north_field_e,Unknown
2024-05-05,0.2720945975149719,north_field_f,Unknown
2024-05-05,0.5621247454028712,north_field_b,Unknown
2024-05-05,0.31474549729549267,north_field_i,Unknown
2024-05-05,0.37287120271514007,north_field_c,Unknown
2024-05-05,0.9011137451033113,north_field_l,Unknown
2024-05-05,0.335519582474269,north_field_m,Unknown
2024-05-05,0.35981405847183556,north_field_d,Unknown
2024-05-05,0.22829401288038303,north_field_j,Unknown
2024-05-05,0.8507901990569332,north_field_k,Unknown
2024-05-05,0.8250187748728008,north_field_a,Unknown
2024-05-05,0.8524368844550125,north_field_g,Unknown
2024-05-05,0.8535672945445608,north_field_h,Unknown
2024-05-10,0.5123259279048838,north_field_e,Unknown
2024-05-10,0.8657775294424217,north_field_k,Unknown
2024-05-10,0.8004029737055378,north_field_a,Unknown
2024-05-10,0.5997517251282639,north_field_b,Unknown
2024-05-10,0.58220154532896,north_field_m,Unknown
2024-05-10,0.31824109866602457,north_field_j,Unknown
2024-05-10,0.872891961309329,north_field_h,Unknown
2024-05-10,0.4276701589245583,north_field_d,Unknown
2024-05-10,0.8995036975914686,north_field_l,Unknown
2024-05-10,0.3786760480141668,north_field_i,Unknown
2024-05-10,0.849056425493568,north_field_g,Unknown
2024-05-10,0.4058383419274739,north_field_f,Unknown
2024-05-10,0.5398769424140474,north_field_c,Unknown
2024-05-20,0.7173285890932034,north_field_c,Unknown
2024-05-20,0.6489483540657617,north_field_j,Unknown
2024-05-20,0.6524275351607751,north_field_e,Unknown
2024-05-20,0.6042113436497493,north_field_i,Unknown
2024-05-20,0.8541597811974235,north_field_l,Unknown
2024-05-20,0.8574187545264798,north_field_k,Unknown
2024-05-20,0.7367505919022876,north_field_f,Unknown
2024-05-20,0.8169674227559519,north_field_g,Unknown
2024-05-20,0.8550558860257461,north_field_h,Unknown
2024-05-20,0.5382067780467052,north_field_d,Unknown
2024-05-20,0.6517131332923455,north_field_b,Unknown
2024-05-20,0.8436735503948241,north_field_m,Unknown
2024-05-20,0.7574161962276047,north_field_a,Unknown
2024-05-25,0.844698093771261,north_field_l,Unknown
2024-05-25,0.6953027406715331,north_field_b,Unknown
2024-05-25,0.7164591836181755,north_field_a,Unknown
2024-05-25,0.7736361741866239,north_field_j,Unknown
2024-05-25,0.8226498054866368,north_field_g,Unknown
2024-05-25,0.6570241706360553,north_field_i,Unknown
2024-05-25,0.8318968456337931,north_field_f,Unknown
2024-05-25,0.7701256468370109,north_field_c,Unknown
2024-05-25,0.8741471820472718,north_field_h,Unknown
2024-05-25,0.8726223530820296,north_field_m,Unknown
2024-05-25,0.5954750252590972,north_field_d,Unknown
2024-05-25,0.7108004080638335,north_field_e,Unknown
2024-05-25,0.8611507160391271,north_field_k,Unknown
2024-05-30,0.890147864102026,north_field_m,Unknown
2024-05-30,0.8478220070023104,north_field_f,Unknown
2024-05-30,0.8148821328194511,north_field_l,Unknown
2024-05-30,0.7891274588803718,north_field_c,Unknown
2024-05-30,0.861371762165853,north_field_h,Unknown
2024-05-30,0.7320908116525084,north_field_b,Unknown
2024-05-30,0.7068506021243158,north_field_i,Unknown
2024-05-30,0.6358899547741445,north_field_d,Unknown
2024-05-30,0.6962477112692252,north_field_a,Unknown
2024-05-30,0.8026929417628833,north_field_g,Unknown
2024-05-30,0.7314882792651776,north_field_e,Unknown
2024-05-30,0.8060894141487968,north_field_j,Unknown
2024-05-30,0.8400354483433387,north_field_k,Unknown
2024-06-04,0.8560375680629424,north_field_k,Unknown
2024-06-04,0.6662231964221513,north_field_i,Unknown
2024-06-04,0.8526502099033874,north_field_f,Unknown
2024-06-04,0.8173419008845719,north_field_c,Unknown
2024-06-04,0.7903728399386102,north_field_j,Unknown
2024-06-04,0.816991661885424,north_field_l,Unknown
2024-06-04,0.9006056306783958,north_field_m,Unknown
2024-06-04,0.8667907028568395,north_field_h,Unknown
2024-06-04,0.7444521416760501,north_field_b,Unknown
2024-06-04,0.7908482121326907,north_field_g,Unknown
2024-06-04,0.6595251260937184,north_field_a,Unknown
2024-06-04,0.667887510008515,north_field_d,Unknown
2024-06-04,0.7455741719640844,north_field_e,Unknown
2024-06-09,0.6280198017055488,north_field_d,Unknown
2024-06-09,0.7546216577796574,north_field_g,Unknown
2024-06-09,0.6052042866506828,north_field_m,Unknown
2024-06-09,0.7588460015928457,north_field_l,Unknown
2024-06-09,0.4226311870297505,north_field_b,Unknown
2024-06-09,0.1886951479051666,north_field_a,Unknown
2024-06-09,0.768038982183754,north_field_j,Unknown
2024-06-09,0.6623488407094625,north_field_e,Unknown
2024-06-09,0.7958588803392278,north_field_k,Unknown
2024-06-09,0.8273065890780897,north_field_h,Unknown
2024-06-09,0.42547917776114813,north_field_c,Unknown
2024-06-09,0.8321996131315437,north_field_f,Unknown
2024-06-09,0.5608535230933729,north_field_i,Unknown
2024-06-14,0.704044170570766,north_field_b,Unknown
2024-06-14,0.4376136062308077,north_field_a,Unknown
2024-06-14,0.8572556495325625,north_field_m,Unknown
2024-06-14,0.7868606070073363,north_field_h,Unknown
2024-06-14,0.6864362354588919,north_field_g,Unknown
2024-06-14,0.809219686133365,north_field_f,Unknown
2024-06-14,0.7256662749863573,north_field_l,Unknown
2024-06-14,0.7074121721667138,north_field_c,Unknown
2024-06-14,0.5907526335181095,north_field_e,Unknown
2024-06-14,0.580591064752612,north_field_d,Unknown
2024-06-14,0.4997650810563931,north_field_i,Unknown
2024-06-14,0.7698547837073005,north_field_k,Unknown
2024-06-14,0.7625160365351267,north_field_j,Unknown
2024-06-19,0.598957634613721,north_field_e,Unknown
2024-06-19,0.7196958326523197,north_field_c,Unknown
2024-06-19,0.408863561552063,north_field_a,Unknown
2024-06-19,0.8261008107804403,north_field_f,Unknown
2024-06-19,0.7186341424196732,north_field_b,Unknown
2024-06-19,0.8746836599591554,north_field_m,Unknown
2024-06-19,0.5968830759505674,north_field_d,Unknown
2024-06-19,0.6904340931249029,north_field_g,Unknown
2024-06-19,0.7994497388482021,north_field_h,Unknown
2024-06-19,0.38780782943955194,north_field_i,Unknown
2024-06-19,0.7647053258489502,north_field_k,Unknown
2024-06-19,0.7890894713963672,north_field_j,Unknown
2024-06-19,0.7079592141009566,north_field_l,Unknown
2024-06-24,0.2632282979451721,north_field_i,Unknown
2024-06-24,0.3759999263593968,north_field_e,Unknown
2024-06-24,0.6938494382815322,north_field_c,Unknown
2024-06-24,0.3632576633915933,north_field_a,Unknown
2024-06-24,0.8149345599739405,north_field_f,Unknown
2024-06-24,0.3474231534745535,north_field_m,Unknown
2024-06-24,0.6456512784725185,north_field_b,Unknown
2024-06-24,0.2262815476901103,north_field_l,Unknown
2024-06-24,0.6807404513857892,north_field_j,Unknown
2024-06-24,0.5541671557677144,north_field_g,Unknown
2024-06-24,0.7148378338588126,north_field_k,Unknown
2024-06-24,0.7071727657753004,north_field_h,Unknown
2024-06-24,0.48678397770147847,north_field_d,Unknown
2024-06-29,0.6233723196853544,north_field_e,Unknown
2024-06-29,0.2353675959990177,north_field_i,Unknown
2024-06-29,0.7078433351629115,north_field_c,Unknown
2024-06-29,0.3543227231686203,north_field_a,Unknown
2024-06-29,0.6141865182815379,north_field_g,Unknown
2024-06-29,0.7804878922946986,north_field_j,Unknown
2024-06-29,0.8228695877173462,north_field_f,Unknown
2024-06-29,0.7608659552192251,north_field_h,Unknown
2024-06-29,0.5625040971588018,north_field_d,Unknown
2024-06-29,0.8615062470989918,north_field_m,Unknown
2024-06-29,0.3416141735053396,north_field_b,Unknown
2024-06-29,0.6600394573070054,north_field_l,Unknown
2024-06-29,0.7267953826375684,north_field_k,Unknown
2024-07-04,0.6803321838134581,north_field_k,Unknown
2024-07-04,0.6658882028295057,north_field_h,Unknown
2024-07-04,0.5789806480851313,north_field_e,Unknown
2024-07-04,0.24005785683787018,north_field_b,Unknown
2024-07-04,0.4940082849941933,north_field_g,Unknown
2024-07-04,0.6666545305852908,north_field_c,Unknown
2024-07-04,0.31443311406906527,north_field_a,Unknown
2024-07-04,0.8450954087456691,north_field_m,Unknown
2024-07-04,0.5861724108626661,north_field_l,Unknown
2024-07-04,0.7232924974983697,north_field_j,Unknown
2024-07-04,0.5053049287587863,north_field_d,Unknown
2024-07-04,0.7816973017170613,north_field_f,Unknown
2024-07-04,0.2097524517479533,north_field_i,Unknown
2024-07-14,0.32015970482110007,north_field_c,Unknown
2024-07-14,0.4275350337480594,north_field_k,Unknown
2024-07-14,0.3549716094006028,north_field_f,Unknown
2024-07-14,0.26943563061638626,north_field_h,Unknown
2024-07-14,0.2548371745488079,north_field_a,Unknown
2024-07-14,0.5127981875744023,north_field_m,Unknown
2024-07-14,0.39782750501044867,north_field_e,Unknown
2024-07-14,0.2278122639356303,north_field_b,Unknown
2024-07-14,0.19401415940965275,north_field_i,Unknown
2024-07-14,0.6096318904449737,north_field_j,Unknown
2024-07-14,0.30418180285611285,north_field_l,Unknown
2024-07-14,0.2521869665770857,north_field_g,Unknown
2024-07-14,0.3317661159773396,north_field_d,Unknown
2024-07-19,0.34621470176357705,north_field_k,Unknown
2024-07-19,0.19555603086089982,north_field_i,Unknown
2024-07-19,0.2568834815305231,north_field_l,Unknown
2024-07-19,0.2841697496920375,north_field_c,Unknown
2024-07-19,0.21898960406196247,north_field_g,Unknown
2024-07-19,0.22361133139420766,north_field_h,Unknown
2024-07-19,0.21479361837425648,north_field_b,Unknown
2024-07-19,0.2950175304060302,north_field_d,Unknown
2024-07-19,0.41261418414202466,north_field_m,Unknown
2024-07-19,0.36193525052496184,north_field_e,Unknown
2024-07-19,0.2551254232690466,north_field_f,Unknown
2024-07-19,0.5378784973257487,north_field_j,Unknown
2024-07-19,0.2383913560133263,north_field_a,Unknown
2024-07-24,0.23589947448214757,north_field_l,Unknown
2024-07-24,0.1879129403413601,north_field_g,Unknown
2024-07-24,0.25357070582203356,north_field_c,Unknown
2024-07-24,0.3262896551166781,north_field_e,Unknown
2024-07-24,0.22155987361809934,north_field_f,Unknown
2024-07-24,0.2084266216191675,north_field_h,Unknown
2024-07-24,0.19660028614880287,north_field_b,Unknown
2024-07-24,0.42713258792992465,north_field_j,Unknown
2024-07-24,0.2870385970238813,north_field_k,Unknown
2024-07-24,0.18760319264796962,north_field_i,Unknown
2024-07-24,0.3631646064462288,north_field_m,Unknown
2024-07-24,0.2702442075430636,north_field_d,Unknown
2024-07-24,0.22714999521844334,north_field_a,Unknown
2024-07-29,0.23411006009352867,north_field_l,Unknown
2024-07-29,0.3466445819431179,north_field_m,Unknown
2024-07-29,0.18920606511016336,north_field_g,Unknown
2024-07-29,0.2576592824722001,north_field_c,Unknown
2024-07-29,0.2769771453583523,north_field_d,Unknown
2024-07-29,0.23003404449605716,north_field_a,Unknown
2024-07-29,0.1921540698075092,north_field_i,Unknown
2024-07-29,0.2051697383556485,north_field_b,Unknown
2024-07-29,0.3595074872486729,north_field_j,Unknown
2024-07-29,0.21386460160960247,north_field_f,Unknown
2024-07-29,0.2021190464709267,north_field_h,Unknown
2024-07-29,0.2655260447840251,north_field_k,Unknown
2024-07-29,0.3244597618719254,north_field_e,Unknown
2024-08-03,0.2287997628086432,north_field_a,Unknown
2024-08-03,0.30126068813971435,north_field_j,Unknown
2024-08-03,0.2630436691940887,north_field_d,Unknown
2024-08-03,0.3177941099178821,north_field_m,Unknown
2024-08-03,0.18450492698081486,north_field_g,Unknown
2024-08-03,0.255082165005354,north_field_k,Unknown
2024-08-03,0.25010088310624806,north_field_c,Unknown
2024-08-03,0.18654117028891415,north_field_b,Unknown
2024-08-03,0.19060674472548877,north_field_i,Unknown
2024-08-03,0.30482131423824804,north_field_e,Unknown
2024-08-03,0.2227726114841927,north_field_l,Unknown
2024-08-03,0.18986904398366772,north_field_f,Unknown
2024-08-03,0.19079036894886137,north_field_h,Unknown
2024-08-08,0.18156579467556128,north_field_b,Unknown
2024-08-08,0.1848508028464717,north_field_i,Unknown
2024-08-08,0.25563809531707793,north_field_d,Unknown
2024-08-08,0.21817800286815367,north_field_a,Unknown
2024-08-08,0.18422119403936119,north_field_h,Unknown
2024-08-08,0.21194335438023804,north_field_j,Unknown
2024-08-08,0.18207230706015484,north_field_f,Unknown
2024-08-08,0.21742111828182392,north_field_l,Unknown
2024-08-08,0.17711873582834656,north_field_g,Unknown
2024-08-08,0.2831446108971688,north_field_e,Unknown
2024-08-08,0.24004903570940744,north_field_k,Unknown
2024-08-08,0.2858526901611775,north_field_m,Unknown
2024-08-08,0.24435292967384387,north_field_c,Unknown
2024-08-18,0.17750449844598856,north_field_f,Unknown
2024-08-18,0.20844695462211268,north_field_a,Unknown
2024-08-18,0.24435568015541767,north_field_d,Unknown
2024-08-18,0.18117753558136934,north_field_i,Unknown
2024-08-18,0.25496865646591077,north_field_e,Unknown
2024-08-18,0.2100444279991553,north_field_k,Unknown
2024-08-18,0.2573200300802124,north_field_m,Unknown
2024-08-18,0.17302829381624701,north_field_g,Unknown
2024-08-18,0.2136923942066753,north_field_l,Unknown
2024-08-18,0.19390541668915118,north_field_j,Unknown
2024-08-18,0.1819839666068002,north_field_h,Unknown
2024-08-18,0.24160498751407794,north_field_c,Unknown
2024-08-18,0.1805594715490903,north_field_b,Unknown
2024-08-28,0.17919010407299882,north_field_j,Unknown
2024-08-28,0.19725011491580727,north_field_k,Unknown
2024-08-28,0.2450851651681824,north_field_e,Unknown
2024-08-28,0.17319166091897972,north_field_g,Unknown
2024-08-28,0.18089113986725236,north_field_b,Unknown
2024-08-28,0.2379058849073143,north_field_c,Unknown
2024-08-28,0.21266233501015208,north_field_l,Unknown
2024-08-28,0.17685097936137376,north_field_f,Unknown
2024-08-28,0.23911124435714312,north_field_d,Unknown
2024-08-28,0.18166824300637527,north_field_i,Unknown
2024-08-28,0.18209181392896548,north_field_h,Unknown
2024-08-28,0.20691985697128434,north_field_a,Unknown
2024-08-28,0.21634951312692383,north_field_m,Unknown
2024-09-02,0.2134566463327659,north_field_l,Unknown
2024-09-02,0.17086630177219117,north_field_g,Unknown
2024-09-02,0.24039085605046645,north_field_d,Unknown
2024-09-02,0.17615729132961228,north_field_j,Unknown
2024-09-02,0.17869805468925462,north_field_b,Unknown
2024-09-02,0.24755223503846455,north_field_e,Unknown
2024-09-02,0.2020743818276352,north_field_a,Unknown
2024-09-02,0.19337712906562973,north_field_k,Unknown
2024-09-02,0.17677954825938685,north_field_i,Unknown
2024-09-02,0.21580560051290903,north_field_m,Unknown
2024-09-02,0.23919087345739334,north_field_c,Unknown
2024-09-02,0.17906656673299534,north_field_h,Unknown
2024-09-02,0.17391947390632173,north_field_f,Unknown
2024-09-07,0.16678351042659254,north_field_f,Unknown
2024-09-07,0.20535472121377302,north_field_m,Unknown
2024-09-07,0.20531609458822817,north_field_l,Unknown
2024-09-07,0.17014837373887823,north_field_h,Unknown
2024-09-07,0.18736544448085918,north_field_a,Unknown
2024-09-07,0.16858290223150782,north_field_i,Unknown
2024-09-07,0.23583547432727156,north_field_e,Unknown
2024-09-07,0.23256783063885855,north_field_d,Unknown
2024-09-07,0.2269007220226435,north_field_c,Unknown
2024-09-07,0.16523148920777447,north_field_j,Unknown
2024-09-07,0.18507368213033917,north_field_k,Unknown
2024-09-07,0.1674217888492668,north_field_b,Unknown
2024-09-07,0.16187103167519235,north_field_g,Unknown
2024-09-12,0.22753736695967636,north_field_c,Unknown
2024-09-12,0.18128722003420794,north_field_k,Unknown
2024-09-12,0.19989043833815504,north_field_l,Unknown
2024-09-12,0.16770802327720546,north_field_b,Unknown
2024-09-12,0.16599094773963127,north_field_f,Unknown
2024-09-12,0.20075200974381888,north_field_m,Unknown
2024-09-12,0.1893185130953961,north_field_a,Unknown
2024-09-12,0.23169471328473037,north_field_d,Unknown
2024-09-12,0.16032465615401692,north_field_j,Unknown
2024-09-12,0.23657282448263195,north_field_e,Unknown
2024-09-12,0.16591321698542194,north_field_i,Unknown
2024-09-12,0.16933065123825208,north_field_h,Unknown
2024-09-12,0.16113827827332378,north_field_g,Unknown
2024-09-17,0.17705438160949877,north_field_l,Unknown
2024-09-17,0.160194525473486,north_field_h,Unknown
2024-09-17,0.18471150251594634,north_field_m,Unknown
2024-09-17,0.149964893956746,north_field_j,Unknown
2024-09-17,0.15798618099141967,north_field_k,Unknown
2024-09-17,0.16896848517458526,north_field_i,Unknown
2024-09-17,0.15234558103128143,north_field_g,Unknown
2024-09-17,0.21765904668175323,north_field_c,Unknown
2024-09-17,0.16058267554038944,north_field_f,Unknown
2024-09-17,0.1750673588730104,north_field_a,Unknown
2024-09-17,0.22227189080870452,north_field_e,Unknown
2024-09-17,0.154895360900641,north_field_b,Unknown
2024-09-17,0.21545330001240454,north_field_d,Unknown
2024-09-27,0.18613894780524354,north_field_k,Unknown
2024-09-27,0.17332938718647511,north_field_f,Unknown
2024-09-27,0.17669878264399183,north_field_a,Unknown
2024-09-27,0.2016204292902347,north_field_m,Unknown
2024-09-27,0.17573785768428518,north_field_h,Unknown
2024-09-27,0.21488260165866166,north_field_c,Unknown
2024-09-27,0.16754303067807372,north_field_i,Unknown
2024-09-27,0.238249286133199,north_field_e,Unknown
2024-09-27,0.2322689135892938,north_field_d,Unknown
2024-09-27,0.15480805111486487,north_field_j,Unknown
2024-09-27,0.16724433327953786,north_field_g,Unknown
2024-09-27,0.17151475799025692,north_field_b,Unknown
2024-09-27,0.20039337456330583,north_field_l,Unknown
2024-10-07,0.1677023600044805,north_field_h,Unknown
2024-10-07,0.19588573098077208,north_field_m,Unknown
2024-10-07,0.1693251177321776,north_field_a,Unknown
2024-10-07,0.16107417642999364,north_field_i,Unknown
2024-10-07,0.1741729601575063,north_field_b,Unknown
2024-10-07,0.23828352641250825,north_field_e,Unknown
2024-10-07,0.22612923618851616,north_field_d,Unknown
2024-10-07,0.20735055224512475,north_field_l,Unknown
2024-10-07,0.16934215578187425,north_field_f,Unknown
2024-10-07,0.1998068136992587,north_field_k,Unknown
2024-10-07,0.21298678720751335,north_field_c,Unknown
2024-10-07,0.16138141425006022,north_field_g,Unknown
2024-10-07,0.14894954836819893,north_field_j,Unknown
2024-10-12,0.18701377458288407,north_field_m,Unknown
2024-10-12,0.19714785507235635,north_field_c,Unknown
2024-10-12,0.15538121236216612,north_field_a,Unknown
2024-10-12,0.16219919478249845,north_field_i,Unknown
2024-10-12,0.1633864323335042,north_field_b,Unknown
2024-10-12,0.18787598225031124,north_field_k,Unknown
2024-10-12,0.20841545616624413,north_field_l,Unknown
2024-10-12,0.15035303189301769,north_field_g,Unknown
2024-10-12,0.1613447538371464,north_field_f,Unknown
2024-10-12,0.21179560443629092,north_field_d,Unknown
2024-10-12,0.14092772308578358,north_field_j,Unknown
2024-10-12,0.2254062013162368,north_field_e,Unknown
2024-10-12,0.1585746406201922,north_field_h,Unknown
2024-10-17,0.15175809879477017,north_field_g,Unknown
2024-10-17,0.23129949775844363,north_field_l,Unknown
2024-10-17,0.19829325125590253,north_field_c,Unknown
2024-10-17,0.16379659821532327,north_field_a,Unknown
2024-10-17,0.19519532048195293,north_field_k,Unknown
2024-10-17,0.11761288981648538,north_field_f,Unknown
2024-10-17,0.1976625239373506,north_field_m,Unknown
2024-10-17,0.1652050063316946,north_field_i,Unknown
2024-10-17,0.2195082426375688,north_field_d,Unknown
2024-10-17,0.15287594592334355,north_field_j,Unknown
2024-10-17,0.16174221946416212,north_field_h,Unknown
2024-10-17,0.23968802524369368,north_field_e,Unknown
2024-10-17,0.1698400684875844,north_field_b,Unknown
2024-10-27,0.1907383271553426,north_field_c,Unknown
2024-10-27,0.2444831031517679,north_field_e,Unknown
2024-10-27,0.12218661299829316,north_field_j,Unknown
2024-10-27,0.18979025846352376,north_field_k,Unknown
2024-10-27,0.15051455040450393,north_field_f,Unknown
2024-10-27,0.21315749970588746,north_field_d,Unknown
2024-10-27,0.14974505182398623,north_field_a,Unknown
2024-10-27,0.15131389383290153,north_field_h,Unknown
2024-10-27,0.3555549567259034,north_field_l,Unknown
2024-10-27,0.13845037816269679,north_field_g,Unknown
2024-10-27,0.16228119783437422,north_field_b,Unknown
2024-10-27,0.16440241109996856,north_field_m,Unknown
2024-10-27,0.22288065717898045,north_field_i,Unknown
2024-11-01,0.2384093875955843,north_field_l,Unknown
2024-11-01,0.1324394369556601,north_field_c,Unknown
2024-11-01,0.18438578744787776,north_field_e,Unknown
2024-11-01,0.12843493308639825,north_field_m,Unknown
2024-11-01,0.08708677756077716,north_field_j,Unknown
2024-11-01,0.16209195256678302,north_field_h,Unknown
2024-11-01,0.1766195767640124,north_field_i,Unknown
2024-11-01,0.17010157989244803,north_field_f,Unknown
2024-11-01,0.15879815759879018,north_field_b,Unknown
2024-11-01,0.14201433215729403,north_field_g,Unknown
2024-11-01,0.1987702752309328,north_field_d,Unknown
2024-11-01,0.13589378830235563,north_field_a,Unknown
2024-11-01,0.11684403385558309,north_field_k,Unknown
2024-11-16,0.43036017447558456,north_field_f,Unknown
2024-11-16,0.31435463374347855,north_field_h,Unknown
2024-11-16,0.5402537120454665,north_field_i,Unknown
2024-11-16,0.3382237500082743,north_field_e,Unknown
2024-11-16,0.7146327084904388,north_field_l,Unknown
2024-11-16,0.524488045938492,north_field_b,Unknown
2024-11-16,0.37043430765764634,north_field_k,Unknown
2024-11-16,0.2400861428637135,north_field_g,Unknown
2024-11-16,0.30242725922357566,north_field_a,Unknown
2024-11-16,0.19671186453324577,north_field_m,Unknown
2024-11-16,0.13778896302618696,north_field_j,Unknown
2024-11-16,0.27924604111889295,north_field_d,Unknown
2024-11-16,0.41452697674426553,north_field_c,Unknown
2024-11-21,0.5536941056433667,north_field_c,Unknown
2024-11-21,0.27901830248728104,north_field_m,Unknown
2024-11-21,0.3199689496565095,north_field_h,Unknown
2024-11-21,0.48324773278359834,north_field_i,Unknown
2024-11-21,0.3077149623868344,north_field_d,Unknown
2024-11-21,0.14579093090737077,north_field_j,Unknown
2024-11-21,0.3342987920580299,north_field_e,Unknown
2024-11-21,0.7636373972197767,north_field_l,Unknown
2024-11-21,0.2814002124974738,north_field_g,Unknown
2024-11-21,0.42678126218096707,north_field_a,Unknown
2024-11-21,0.37085393337063954,north_field_f,Unknown
2024-11-21,0.47980635051380405,north_field_b,Unknown
2024-11-21,0.596066243308842,north_field_k,Unknown
2024-11-26,0.2951734630892162,north_field_d,Unknown
2024-11-26,0.14813539670823053,north_field_j,Unknown
2024-11-26,0.6893717889383122,north_field_k,Unknown
2024-11-26,0.4200120756216868,north_field_b,Unknown
2024-11-26,0.425131773327248,north_field_i,Unknown
2024-11-26,0.7351071275101805,north_field_l,Unknown
2024-11-26,0.1106375666715553,north_field_h,Unknown
2024-11-26,0.23606968729509653,north_field_m,Unknown
2024-11-26,0.34695741398025437,north_field_a,Unknown
2024-11-26,0.31427804837732354,north_field_e,Unknown
2024-11-26,0.4760146648850769,north_field_c,Unknown
2024-11-26,0.26435016350102164,north_field_f,Unknown
2024-11-26,0.31132086982634505,north_field_g,Unknown
2024-12-01,0.4081325253760172,north_field_i,Unknown
2024-12-01,0.4620590810244774,north_field_b,Unknown
2024-12-01,0.5844244565944788,north_field_l,Unknown
2024-12-01,0.3322521666392421,north_field_e,Unknown
2024-12-01,0.3925752003313193,north_field_h,Unknown
2024-12-01,0.40520049967387345,north_field_g,Unknown
2024-12-01,0.3927060075758756,north_field_a,Unknown
2024-12-01,0.4689530352566516,north_field_c,Unknown
2024-12-01,0.33974228811185114,north_field_d,Unknown
2024-12-01,0.3286547824107373,north_field_m,Unknown
2024-12-01,0.6954572124109418,north_field_k,Unknown
2024-12-01,0.4153049573970532,north_field_f,Unknown
2024-12-01,0.17611575788778797,north_field_j,Unknown
2024-12-06,0.30507845463195216,north_field_d,Unknown
2024-12-06,0.383498444400967,north_field_f,Unknown
2024-12-06,0.3017443161161322,north_field_e,Unknown
2024-12-06,0.6981039621943377,north_field_k,Unknown
2024-12-06,0.3990299106453329,north_field_b,Unknown
2024-12-06,0.32405169706401243,north_field_a,Unknown
2024-12-06,0.3689485129196205,north_field_i,Unknown
2024-12-06,0.4106254177921599,north_field_g,Unknown
2024-12-06,0.18846574298972288,north_field_j,Unknown
2024-12-06,0.38248327613434363,north_field_m,Unknown
2024-12-06,0.28449197623141004,north_field_l,Unknown
2024-12-06,0.3871587664981242,north_field_c,Unknown
2024-12-06,0.3586718473769999,north_field_h,Unknown
2024-12-11,0.38893009920554034,north_field_b,Unknown
2024-12-11,0.386167448254556,north_field_b,Unknown
2024-12-11,0.3086309803629606,north_field_e,Unknown
2024-12-11,0.20404134739052376,north_field_l,Unknown
2024-12-11,0.30919944631394297,north_field_e,Unknown
2024-12-11,0.20300235025520558,north_field_l,Unknown
2024-12-11,0.24261925219685115,north_field_j,Unknown
2024-12-11,0.2412577785829663,north_field_j,Unknown
2024-12-11,0.4511271931358652,north_field_g,Unknown
2024-12-11,0.4520490821714571,north_field_g,Unknown
2024-12-11,0.41253859532591464,north_field_f,Unknown
2024-12-11,0.34873485273614735,north_field_c,Unknown
2024-12-11,0.41573171629760003,north_field_f,Unknown
2024-12-11,0.3466402598205352,north_field_i,Unknown
2024-12-11,0.3101861718599424,north_field_a,Unknown
2024-12-11,0.3103197727047559,north_field_a,Unknown
2024-12-11,0.4497443769938904,north_field_m,Unknown
2024-12-11,0.4534664532983522,north_field_m,Unknown
2024-12-11,0.736639078743268,north_field_k,Unknown
2024-12-11,0.3518542665434867,north_field_c,Unknown
2024-12-11,0.38093333925496525,north_field_h,Unknown
2024-12-11,0.3468405709033381,north_field_i,Unknown
2024-12-11,0.7373765719289262,north_field_k,Unknown
2024-12-11,0.3815394187591039,north_field_h,Unknown
2024-12-11,0.30442222464172575,north_field_d,Unknown
2024-12-11,0.30409226629250985,north_field_d,Unknown
2024-12-16,0.3057111612325963,north_field_c,Unknown
2024-12-16,0.4026743009180031,north_field_f,Unknown
2024-12-16,0.29151575800399965,north_field_a,Unknown
2024-12-16,0.30010530647579964,north_field_e,Unknown
2024-12-16,0.32781060940856316,north_field_i,Unknown
2024-12-16,0.4210741441086701,north_field_g,Unknown
2024-12-16,0.2601003603649248,north_field_l,Unknown
2024-12-16,0.4120856342121181,north_field_m,Unknown
2024-12-16,0.6112679619267369,north_field_k,Unknown
2024-12-16,0.36427236581147127,north_field_b,Unknown
2024-12-16,0.2866798740378322,north_field_d,Unknown
2024-12-16,0.3594155353530354,north_field_h,Unknown
2024-12-16,0.24260081272830225,north_field_j,Unknown
2025-01-25,0.7353674085762085,north_field_k,Unknown
2025-01-25,0.6649802902173254,north_field_i,Unknown
2025-01-25,0.6019984782889523,north_field_e,Unknown
2025-01-25,0.6621674909805572,north_field_d,Unknown
2025-01-25,0.7612798357615623,north_field_c,Unknown
2025-01-25,0.8643853692864037,north_field_j,Unknown
2025-01-25,0.6876929813587394,north_field_b,Unknown
2025-01-25,0.6115878096706425,north_field_g,Unknown
2025-01-25,0.326223017292614,north_field_l,Unknown
2025-01-25,0.389634218273495,north_field_m,Unknown
2025-01-25,0.7132370115699537,north_field_a,Unknown
2025-01-25,0.6071279477144214,north_field_h,Unknown
2025-01-25,0.5550670310007751,north_field_f,Unknown
2025-01-30,0.5320365406482902,north_field_e,Unknown
2025-01-30,0.6045333608343917,north_field_d,Unknown
2025-01-30,0.3219563951884407,north_field_c,Unknown
2025-01-30,0.2978266057102621,north_field_m,Unknown
2025-01-30,0.4740041508403177,north_field_h,Unknown
2025-01-30,0.4944598064471463,north_field_g,Unknown
2025-01-30,0.14083794316114798,north_field_j,Unknown
2025-01-30,0.20755663311316838,north_field_l,Unknown
2025-01-30,0.6021186923888159,north_field_b,Unknown
2025-01-30,0.56842605407089,north_field_i,Unknown
2025-01-30,0.6800314192586216,north_field_k,Unknown
2025-01-30,0.6190734105104497,north_field_a,Unknown
2025-01-30,0.4500490016273145,north_field_f,Unknown
2025-03-06,0.2669632547709586,north_field_l,Unknown
2025-03-06,0.5024965692626068,north_field_e,Unknown
2025-03-06,0.5999300312490335,north_field_d,Unknown
2025-03-06,0.34552213564352746,north_field_k,Unknown
2025-03-06,0.38188985111965035,north_field_c,Unknown
2025-03-06,0.3343866492818352,north_field_a,Unknown
2025-03-06,0.40279320466997937,north_field_f,Unknown
2025-03-06,0.16559126317747105,north_field_h,Unknown
2025-03-06,0.34028206524983307,north_field_g,Unknown
2025-03-06,0.346198668118406,north_field_m,Unknown
2025-03-06,0.5581824148959426,north_field_i,Unknown
2025-03-06,0.19713459993748284,north_field_j,Unknown
2025-03-06,0.2944317641978162,north_field_b,Unknown
2025-04-02,0.1595539173824278,north_field_h,Unknown
2025-04-02,0.20346146593161954,north_field_a,Unknown
2025-04-02,0.2605338315440868,north_field_c,Unknown
2025-04-02,0.36733327112609016,north_field_i,Unknown
2025-04-02,0.2548069153577468,north_field_m,Unknown
2025-04-02,0.41764677462321675,north_field_d,Unknown
2025-04-02,0.34219609105252646,north_field_f,Unknown
2025-04-02,0.3607872244009942,north_field_e,Unknown
2025-04-02,0.276395249034056,north_field_l,Unknown
2025-04-02,0.22835681804749694,north_field_b,Unknown
2025-04-02,0.26350186793957453,north_field_j,Unknown
2025-04-02,0.2508550338532824,north_field_g,Unknown
2025-04-02,0.1578754641107775,north_field_k,Unknown
2025-04-10,0.27703460937802044,north_field_l,Unknown
2025-04-10,0.19345189462834347,north_field_a,Unknown
2025-04-10,0.3377578465313924,north_field_i,Unknown
2025-04-10,0.22881046276984243,north_field_b,Unknown
2025-04-10,0.29176777078013155,north_field_j,Unknown
2025-04-10,0.19911912463071374,north_field_m,Unknown
2025-04-10,0.2986160500768357,north_field_h,Unknown
2025-04-10,0.16357397062419365,north_field_k,Unknown
2025-04-10,0.24388443995156175,north_field_g,Unknown
2025-04-10,0.4254962531482271,north_field_d,Unknown
2025-04-10,0.3577638446517409,north_field_e,Unknown
2025-04-10,0.2565175549254063,north_field_c,Unknown
2025-04-10,0.35076990304271916,north_field_f,Unknown
2025-04-15,0.10830862745919527,north_field_m,Unknown
2025-04-15,0.28713487230103457,north_field_i,Unknown
2025-04-15,0.27604653595696843,north_field_l,Unknown
2025-04-15,0.21779527007335292,north_field_b,Unknown
2025-04-15,0.1869153304283354,north_field_a,Unknown
2025-04-15,0.29561253826497846,north_field_j,Unknown
2025-04-15,0.3312304735631469,north_field_e,Unknown
2025-04-15,0.24122675435108723,north_field_c,Unknown
2025-04-15,0.2369783859923155,north_field_g,Unknown
2025-04-15,0.4795123805554646,north_field_h,Unknown
2025-04-15,0.32605485919769017,north_field_f,Unknown
2025-04-15,0.1946207493808653,north_field_k,Unknown
2025-04-15,0.3769079129616308,north_field_d,Unknown
2025-04-20,0.18882237308895253,north_field_a,Unknown
2025-04-20,0.3351346434215345,north_field_f,Unknown
2025-04-20,0.1710919323427692,north_field_k,Unknown
2025-04-20,0.3837133990636229,north_field_d,Unknown
2025-04-20,0.19635966974384164,north_field_m,Unknown
2025-04-20,0.2184658455225741,north_field_b,Unknown
2025-04-20,0.31325399151630806,north_field_j,Unknown
2025-04-20,0.2424387206265519,north_field_c,Unknown
2025-04-20,0.3366357462010597,north_field_e,Unknown
2025-04-20,0.7075304121910332,north_field_h,Unknown
2025-04-20,0.24020085734539437,north_field_g,Unknown
2025-04-20,0.27755653632945565,north_field_i,Unknown
2025-04-20,0.2604783536237699,north_field_l,Unknown
2025-04-22,0.36106223759419037,north_field_d,Unknown
2025-04-22,0.22651377850421292,north_field_c,Unknown
2025-04-22,0.17682755170416145,north_field_m,Unknown
2025-04-22,0.2270403005118751,north_field_g,Unknown
2025-04-22,0.30548314824845846,north_field_j,Unknown
2025-04-22,0.1771602046105277,north_field_a,Unknown
2025-04-22,0.16642260316539895,north_field_k,Unknown
2025-04-22,0.3170265818578463,north_field_f,Unknown
2025-04-22,0.3173354818248466,north_field_e,Unknown
2025-04-22,0.26274814626060805,north_field_i,Unknown
2025-04-22,0.20536400226672988,north_field_b,Unknown
2025-04-22,0.7543422003803132,north_field_h,Unknown
2025-04-22,0.2526850126126881,north_field_l,Unknown
2025-04-30,0.25717707237770054,north_field_i,Unknown
2025-04-30,0.7911678011839248,north_field_h,Unknown
2025-04-30,0.22621350568855167,north_field_c,Unknown
2025-04-30,0.1675403324429529,north_field_k,Unknown
2025-04-30,0.33704447744707144,north_field_d,Unknown
2025-04-30,0.21577870533659196,north_field_l,Unknown
2025-04-30,0.30425015521397747,north_field_f,Unknown
2025-04-30,0.17451346371838536,north_field_a,Unknown
2025-04-30,0.18428560261783472,north_field_m,Unknown
2025-04-30,0.22427109564324346,north_field_g,Unknown
2025-04-30,0.2015746042044667,north_field_b,Unknown
2025-04-30,0.3271477875904833,north_field_j,Unknown
2025-04-30,0.3109688076832374,north_field_e,Unknown
2025-05-05,0.2454020342814956,north_field_i,Unknown
2025-05-05,0.07251855552024428,north_field_e,Unknown
2025-05-05,0.25051044197315964,north_field_l,Unknown
2025-05-05,0.2675319612229288,north_field_m,Unknown
2025-05-05,0.2207235089603275,north_field_g,Unknown
2025-05-05,0.195803532516796,north_field_c,Unknown
2025-05-05,0.8447461079163286,north_field_h,Unknown
2025-05-05,0.15956682281044748,north_field_b,Unknown
2025-05-05,0.3350146797973457,north_field_j,Unknown
2025-05-05,0.165304710037191,north_field_k,Unknown
2025-05-05,0.25856801165866206,north_field_d,Unknown
2025-05-05,0.16579832657723145,north_field_a,Unknown
2025-05-05,0.18083636781977863,north_field_f,Unknown
2025-05-10,0.8528838922541464,north_field_h,Unknown
2025-05-10,0.25512854788437256,north_field_l,Unknown
2025-05-10,0.47167687118374024,north_field_m,Unknown
2025-05-10,0.3338956095420559,north_field_d,Unknown
2025-05-10,0.21914549358364402,north_field_g,Unknown
2025-05-10,0.19505757923508885,north_field_b,Unknown
2025-05-10,0.3093209569389614,north_field_e,Unknown
2025-05-10,0.21501350924676402,north_field_c,Unknown
2025-05-10,0.1747921887096511,north_field_k,Unknown
2025-05-10,0.3317858368001637,north_field_j,Unknown
2025-05-10,0.2885635534637791,north_field_f,Unknown
2025-05-10,0.16906654339344512,north_field_a,Unknown
2025-05-10,0.25090171104241704,north_field_i,Unknown
2025-05-20,0.16597530419495088,north_field_k,Unknown
2025-05-20,0.2992757322862756,north_field_d,Unknown
2025-05-20,0.8111050072349828,north_field_m,Unknown
2025-05-20,0.23514837954337736,north_field_l,Unknown
2025-05-20,0.20537092591947342,north_field_g,Unknown
2025-05-20,0.31134848546337734,north_field_j,Unknown
2025-05-20,0.8546430881304893,north_field_h,Unknown
2025-05-20,0.2808571206852076,north_field_e,Unknown
2025-05-20,0.17804613616757142,north_field_b,Unknown
2025-05-20,0.15401520221656437,north_field_a,Unknown
2025-05-20,0.23507687998184068,north_field_i,Unknown
2025-05-20,0.19595356993848326,north_field_c,Unknown
2025-05-20,0.2629848134265101,north_field_f,Unknown
2025-05-25,0.2642685519381733,north_field_f,Unknown
2025-05-25,0.23735881543053217,north_field_i,Unknown
2025-05-25,0.2126406125801348,north_field_g,Unknown
2025-05-25,0.2813364142426828,north_field_e,Unknown
2025-05-25,0.8563922844373547,north_field_m,Unknown
2025-05-25,0.17331188803111258,north_field_k,Unknown
2025-05-25,0.2323335783403396,north_field_l,Unknown
2025-05-25,0.18290657364637536,north_field_b,Unknown
2025-05-25,0.1598410875883431,north_field_a,Unknown
2025-05-25,0.2953300352646511,north_field_d,Unknown
2025-05-25,0.8546447440822194,north_field_h,Unknown
2025-05-25,0.31443290614744157,north_field_j,Unknown
2025-05-25,0.2003815061595451,north_field_c,Unknown
2025-05-30,0.27394900648116566,north_field_e,Unknown
2025-05-30,0.16175671033045175,north_field_a,Unknown
2025-05-30,0.8369304649695118,north_field_h,Unknown
2025-05-30,0.21007976257713679,north_field_g,Unknown
2025-05-30,0.1784043115643148,north_field_k,Unknown
2025-05-30,0.18325694327106093,north_field_b,Unknown
2025-05-30,0.8575150683976058,north_field_m,Unknown
2025-05-30,0.22997026149365193,north_field_l,Unknown
2025-05-30,0.20011609980335307,north_field_c,Unknown
2025-05-30,0.23362778377406193,north_field_i,Unknown
2025-05-30,0.2573301164966027,north_field_f,Unknown
2025-05-30,0.31053852053418257,north_field_j,Unknown
2025-05-30,0.2849295957281718,north_field_d,Unknown
2025-06-01,0.8538471821321556,north_field_m,Unknown
2025-06-01,0.1771359883762246,north_field_b,Unknown
2025-06-01,0.22392772819990509,north_field_l,Unknown
2025-06-01,0.26373239654257635,north_field_e,Unknown
2025-06-01,0.2479454020810642,north_field_f,Unknown
2025-06-01,0.15661700994007458,north_field_a,Unknown
2025-06-01,0.17286018964019448,north_field_k,Unknown
2025-06-01,0.816464625531431,north_field_h,Unknown
2025-06-01,0.1941800920791868,north_field_c,Unknown
2025-06-01,0.20219534678739218,north_field_g,Unknown
2025-06-01,0.2767576420952527,north_field_d,Unknown
2025-06-01,0.22644801557498076,north_field_i,Unknown
2025-06-01,0.30382029466918997,north_field_j,Unknown
2025-06-04,0.3045841397211185,north_field_j,Unknown
2025-06-04,0.19733290270256723,north_field_c,Unknown
2025-06-04,0.22846141967624536,north_field_i,Unknown
2025-06-04,0.17666313751141108,north_field_k,Unknown
2025-06-04,0.20509642342484843,north_field_g,Unknown
2025-06-04,0.8718453753696838,north_field_m,Unknown
2025-06-04,0.18162559764168953,north_field_b,Unknown
2025-06-04,0.22490259446804728,north_field_l,Unknown
2025-06-04,0.2777816121622588,north_field_d,Unknown
2025-06-04,0.2501459296809992,north_field_f,Unknown
2025-06-04,0.16050240321813308,north_field_a,Unknown
2025-06-04,0.8254938960310518,north_field_h,Unknown
2025-06-04,0.2696461207320941,north_field_e,Unknown
2025-06-09,0.16424893455561332,north_field_k,Unknown
2025-06-09,0.8440501387915758,north_field_m,Unknown
2025-06-09,0.16922585620716873,north_field_b,Unknown
2025-06-09,0.20836336255313093,north_field_l,Unknown
2025-06-09,0.14881046805141548,north_field_a,Unknown
2025-06-09,0.18528007209130315,north_field_c,Unknown
2025-06-09,0.28770972563207525,north_field_j,Unknown
2025-06-09,0.7807265144764477,north_field_h,Unknown
2025-06-09,0.23187149485627473,north_field_f,Unknown
2025-06-09,0.256373761137238,north_field_d,Unknown
2025-06-09,0.19075617703428188,north_field_g,Unknown
2025-06-09,0.24962701099476636,north_field_e,Unknown
2025-06-09,0.2125251645783787,north_field_i,Unknown
2025-06-19,0.18680552046854257,north_field_c,Unknown
2025-06-19,0.29074622322041,north_field_j,Unknown
2025-06-19,0.20282472187752482,north_field_l,Unknown
2025-06-19,0.7230122824263823,north_field_h,Unknown
2025-06-19,0.2563327800196295,north_field_d,Unknown
2025-06-19,0.18983855262752558,north_field_g,Unknown
2025-06-19,0.16844428229985822,north_field_k,Unknown
2025-06-19,0.8579565014795604,north_field_m,Unknown
2025-06-19,0.1713000406156696,north_field_b,Unknown
2025-06-19,0.22848182053246757,north_field_f,Unknown
2025-06-19,0.15111060628992182,north_field_a,Unknown
2025-06-19,0.21053857203153165,north_field_i,Unknown
2025-06-19,0.24883291931039597,north_field_e,Unknown
2025-06-21,0.18248644857457053,north_field_b,Unknown
2025-06-21,0.7239006618631688,north_field_h,Unknown
2025-06-21,0.20280517288848035,north_field_g,Unknown
2025-06-21,0.2600520427507102,north_field_e,Unknown
2025-06-21,0.21339786374622355,north_field_l,Unknown
2025-06-21,0.8532744259354016,north_field_m,Unknown
2025-06-21,0.1789559580170825,north_field_k,Unknown
2025-06-21,0.22061398890860917,north_field_i,Unknown
2025-06-21,0.23823962670319135,north_field_f,Unknown
2025-06-21,0.30052646274315714,north_field_j,Unknown
2025-06-21,0.19785268444613585,north_field_c,Unknown
2025-06-21,0.16318029686157873,north_field_a,Unknown
2025-06-21,0.26516330822590695,north_field_d,Unknown
2025-06-24,0.20635129850052733,north_field_l,Unknown
2025-06-24,0.2268743376343526,north_field_f,Unknown
2025-06-24,0.6591959842982756,north_field_h,Unknown
2025-06-24,0.25047563152741403,north_field_d,Unknown
2025-06-24,0.29063304869753914,north_field_j,Unknown
2025-06-24,0.17325604394474103,north_field_k,Unknown
2025-06-24,0.19460739120045434,north_field_g,Unknown
2025-06-24,0.19003344293633279,north_field_c,Unknown
2025-06-24,0.833590647272251,north_field_m,Unknown
2025-06-24,0.21407727714441832,north_field_i,Unknown
2025-06-24,0.15794630431622667,north_field_a,Unknown
2025-06-24,0.17571954918680194,north_field_b,Unknown
2025-06-24,0.2458645169351516,north_field_e,Unknown
2025-06-29,0.15878325479132385,north_field_k,Unknown
2025-06-29,0.1692324980516022,north_field_d,Unknown
2025-06-29,0.18858068557714874,north_field_f,Unknown
2025-06-29,0.030367945551902337,north_field_i,Unknown
2025-06-29,0.12392188577671404,north_field_a,Unknown
2025-06-29,0.10297139417508992,north_field_c,Unknown
2025-06-29,0.02886847411271895,north_field_j,Unknown
2025-06-29,0.13175885842900775,north_field_l,Unknown
2025-06-29,0.2054943133686082,north_field_e,Unknown
2025-06-29,0.16496177090537734,north_field_b,Unknown
2025-06-29,0.4655522250671579,north_field_h,Unknown
2025-06-29,0.6842766745438601,north_field_m,Unknown
2025-06-29,0.12279205508789744,north_field_g,Unknown
2025-07-04,0.27822365737565047,north_field_j,Unknown
2025-07-04,0.20946762900122756,north_field_f,Unknown
2025-07-04,0.23121818828222498,north_field_e,Unknown
2025-07-04,0.16146783222812755,north_field_b,Unknown
2025-07-04,0.14363934224151903,north_field_a,Unknown
2025-07-04,0.1978762188538085,north_field_i,Unknown
2025-07-04,0.8346593060491027,north_field_m,Unknown
2025-07-04,0.1765767508338642,north_field_c,Unknown
2025-07-04,0.5885712493851485,north_field_h,Unknown
2025-07-04,0.1795672972897449,north_field_g,Unknown
2025-07-04,0.15841738221521748,north_field_k,Unknown
2025-07-04,0.18619787796383616,north_field_l,Unknown
2025-07-04,0.2335493256598275,north_field_d,Unknown
2025-07-09,0.2886210376973462,north_field_j,Unknown
2025-07-09,0.24061680703629143,north_field_e,Unknown
2025-07-09,0.16929300406646783,north_field_k,Unknown
2025-07-09,0.21939285177331488,north_field_f,Unknown
2025-07-09,0.1930068560795614,north_field_l,Unknown
2025-07-09,0.24649284153369616,north_field_d,Unknown
2025-07-09,0.20788865851342095,north_field_i,Unknown
2025-07-09,0.5102863045024865,north_field_h,Unknown
2025-07-09,0.17380495890301573,north_field_b,Unknown
2025-07-09,0.18826673359887622,north_field_c,Unknown
2025-07-09,0.19060286372615243,north_field_g,Unknown
2025-07-09,0.1561777890408115,north_field_a,Unknown
2025-07-09,0.830909584965947,north_field_m,Unknown
2025-07-11,0.20924503513968937,north_field_i,Unknown
2025-07-11,0.19655057387878905,north_field_l,Unknown
2025-07-11,0.17138683776433125,north_field_k,Unknown
2025-07-11,0.1743753588348243,north_field_b,Unknown
2025-07-11,0.2411046417971951,north_field_e,Unknown
2025-07-11,0.4935463334405769,north_field_h,Unknown
2025-07-11,0.15707986400567622,north_field_a,Unknown
2025-07-11,0.24568917156448689,north_field_d,Unknown
2025-07-11,0.1912884760200418,north_field_g,Unknown
2025-07-11,0.2174442068602766,north_field_f,Unknown
2025-07-11,0.29138917445051266,north_field_j,Unknown
2025-07-11,0.8446680246800445,north_field_m,Unknown
2025-07-11,0.1883356391758775,north_field_c,Unknown
2025-07-14,0.2024347924675019,north_field_f,Unknown
2025-07-14,0.23134706034571656,north_field_d,Unknown
2025-07-14,0.16176448893477355,north_field_k,Unknown
2025-07-14,0.18260849416889596,north_field_l,Unknown
2025-07-14,0.19733539771509082,north_field_i,Unknown
2025-07-14,0.16364670738182246,north_field_b,Unknown
2025-07-14,0.4356864917369749,north_field_h,Unknown
2025-07-14,0.1792860143485623,north_field_g,Unknown
2025-07-14,0.8074982499633865,north_field_m,Unknown
2025-07-14,0.17778451219430744,north_field_c,Unknown
2025-07-14,0.2761358756546636,north_field_j,Unknown
2025-07-14,0.22862733587437525,north_field_e,Unknown
2025-07-14,0.14462454339888492,north_field_a,Unknown
2025-07-24,0.2187812389729423,north_field_d,Unknown
2025-07-24,0.23049238981507583,north_field_e,Unknown
2025-07-24,0.14861567207743778,north_field_k,Unknown
2025-07-24,0.1508635498497488,north_field_c,Unknown
2025-07-24,0.15740770043546182,north_field_g,Unknown
2025-07-24,0.12553859020614533,north_field_b,Unknown
2025-07-24,0.19070113737924885,north_field_i,Unknown
2025-07-24,0.21657300819606035,north_field_h,Unknown
2025-07-24,0.09381162844861848,north_field_a,Unknown
2025-07-24,0.2804355374323422,north_field_j,Unknown
2025-07-24,0.7797861735096889,north_field_m,Unknown
2025-07-24,0.1836872801425819,north_field_l,Unknown
2025-07-24,0.18049684453854978,north_field_f,Unknown
2025-07-29,0.1709856100732317,north_field_g,Unknown
2025-07-29,0.16471687099142482,north_field_k,Unknown
2025-07-29,0.19320798933927077,north_field_l,Unknown
2025-07-29,0.15106304103158344,north_field_b,Unknown
2025-07-29,0.23166252875568438,north_field_d,Unknown
2025-07-29,0.2019301960603078,north_field_i,Unknown
2025-07-29,0.7566354220049415,north_field_m,Unknown
2025-07-29,0.29081489402145155,north_field_j,Unknown
2025-07-29,0.13598573394305272,north_field_a,Unknown
2025-07-29,0.2394335668473323,north_field_e,Unknown
2025-07-29,0.188082155887666,north_field_f,Unknown
2025-07-29,0.20514352257045232,north_field_h,Unknown
2025-07-29,0.16274708133457713,north_field_c,Unknown
2025-07-31,0.20537684423891892,north_field_h,Unknown
2025-07-31,0.15044360124356268,north_field_b,Unknown
2025-07-31,0.7348158567624558,north_field_m,Unknown
2025-07-31,0.2857024021698664,north_field_j,Unknown
2025-07-31,0.16774115250708302,north_field_g,Unknown
2025-07-31,0.23625701313550257,north_field_e,Unknown
2025-07-31,0.19352704432835688,north_field_l,Unknown
2025-07-31,0.1815079228513041,north_field_f,Unknown
2025-07-31,0.13412898751180283,north_field_a,Unknown
2025-07-31,0.20042527616419664,north_field_i,Unknown
2025-07-31,0.159665406908794,north_field_c,Unknown
2025-07-31,0.1628604565550487,north_field_k,Unknown
2025-07-31,0.22582209888231297,north_field_d,Unknown
2025-08-03,0.16655026268624884,north_field_f,Unknown
2025-08-03,0.12294045126713103,north_field_a,Unknown
2025-08-03,0.27002455550699245,north_field_j,Unknown
2025-08-03,0.6916602525058935,north_field_m,Unknown
2025-08-03,0.19094499045929303,north_field_i,Unknown
2025-08-03,0.138168588494277,north_field_b,Unknown
2025-08-03,0.21789539702999086,north_field_e,Unknown
2025-08-03,0.2101071691787101,north_field_d,Unknown
2025-08-03,0.18797715348161884,north_field_h,Unknown
2025-08-03,0.14715336537618393,north_field_c,Unknown
2025-08-03,0.1526181653061989,north_field_k,Unknown
2025-08-03,0.1545319199520402,north_field_g,Unknown
2025-08-03,0.18269056656666152,north_field_l,Unknown
2025-08-08,0.1830366115089735,north_field_h,Unknown
2025-08-08,0.1414833465136873,north_field_c,Unknown
2025-08-08,0.11606699865610397,north_field_a,Unknown
2025-08-08,0.26255025005914234,north_field_j,Unknown
2025-08-08,0.6101841168536741,north_field_m,Unknown
2025-08-08,0.14666855281482125,north_field_g,Unknown
2025-08-08,0.1796590514997838,north_field_i,Unknown
2025-08-08,0.15600461329891627,north_field_f,Unknown
2025-08-08,0.13212872977447995,north_field_b,Unknown
2025-08-08,0.2053045049827834,north_field_d,Unknown
2025-08-08,0.1647965764545958,north_field_l,Unknown
2025-08-08,0.1403152846763435,north_field_k,Unknown
2025-08-08,0.20974216257315953,north_field_e,Unknown
2025-08-13,0.04132367534258248,north_field_h,Unknown
2025-08-13,0.13270064107938517,north_field_c,Unknown
2025-08-13,0.11162263248787718,north_field_a,Unknown
2025-08-13,0.0814972711453823,north_field_g,Unknown
2025-08-13,0.010471943307577274,north_field_e,Unknown
2025-08-13,0.19827485582675247,north_field_d,Unknown
2025-08-13,0.023598388316272867,north_field_j,Unknown
2025-08-13,0.5626871667914404,north_field_m,Unknown
2025-08-13,0.10716906307566106,north_field_f,Unknown
2025-08-13,0.10734916748469016,north_field_i,Unknown
2025-08-13,0.12366344499073485,north_field_b,Unknown
2025-08-13,-0.017184035372982027,north_field_k,Unknown
2025-08-13,0.1317528461702048,north_field_l,Unknown
2025-08-20,0.1805195984277206,north_field_l,Unknown
2025-08-20,0.11328834025862765,north_field_a,Unknown
2025-08-20,0.16892293955855417,north_field_h,Unknown
2025-08-20,0.14982227711567317,north_field_g,Unknown
2025-08-20,0.1560371649706068,north_field_f,Unknown
2025-08-20,0.4001151553506575,north_field_m,Unknown
2025-08-20,0.19964276685309504,north_field_e,Unknown
2025-08-20,0.14620182158120423,north_field_k,Unknown
2025-08-20,0.1758142446063445,north_field_i,Unknown
2025-08-20,0.19477668385301275,north_field_d,Unknown
2025-08-20,0.1362880598298883,north_field_c,Unknown
2025-08-20,0.12676102203031006,north_field_b,Unknown
2025-08-20,0.2520952081130583,north_field_j,Unknown
2025-08-23,0.1355935556894076,north_field_b,Unknown
2025-08-23,0.1432904772017023,north_field_c,Unknown
2025-08-23,0.15585572432535677,north_field_k,Unknown
2025-08-23,0.18006445978531543,north_field_h,Unknown
2025-08-23,0.18606150565977103,north_field_i,Unknown
2025-08-23,0.19189236568075188,north_field_l,Unknown
2025-08-23,0.15814969327409015,north_field_g,Unknown
2025-08-23,0.25734718271558843,north_field_j,Unknown
2025-08-23,0.12286409535601385,north_field_a,Unknown
2025-08-23,0.32009244163667033,north_field_m,Unknown
2025-08-23,0.20426946936456178,north_field_e,Unknown
2025-08-23,0.1977050020898211,north_field_d,Unknown
2025-08-23,0.16539624038548514,north_field_f,Unknown
2025-08-28,0.12568437400981133,north_field_a,Unknown
2025-08-28,0.14038957552392928,north_field_b,Unknown
2025-08-28,0.16734279297171673,north_field_k,Unknown
2025-08-28,0.2003482793189886,north_field_e,Unknown
2025-08-28,0.1774544296753063,north_field_h,Unknown
2025-08-28,0.19620971821505648,north_field_d,Unknown
2025-08-28,0.19115937946992728,north_field_i,Unknown
2025-08-28,0.1966898553083683,north_field_l,Unknown
2025-08-28,0.167272581097244,north_field_f,Unknown
2025-08-28,0.1641525524343938,north_field_g,Unknown
2025-08-28,0.26141466934033436,north_field_j,Unknown
2025-08-28,0.14854993996431365,north_field_c,Unknown
2025-08-28,0.242986525803468,north_field_m,Unknown
2025-09-02,0.14493655027907917,north_field_g,Unknown
2025-09-02,0.16233194614184213,north_field_f,Unknown
2025-09-02,0.16263951743759833,north_field_i,Unknown
2025-09-02,0.11546639215235975,north_field_d,Unknown
2025-09-02,0.08982617393779328,north_field_a,Unknown
2025-09-02,0.174687622725986,north_field_l,Unknown
2025-09-02,0.14414694877820364,north_field_c,Unknown
2025-09-02,0.17819280130674625,north_field_k,Unknown
2025-09-02,0.1180885001899005,north_field_b,Unknown
2025-09-02,0.061742232733595845,north_field_e,Unknown
2025-09-02,0.1577979396454382,north_field_h,Unknown
2025-09-02,0.25856611450806294,north_field_j,Unknown
2025-09-02,0.2242375802439681,north_field_m,Unknown
2025-09-09,0.16360932406747636,north_field_f,Unknown
2025-09-09,0.25172419593681716,north_field_j,Unknown
2025-09-09,0.1826603785288166,north_field_i,Unknown
2025-09-09,0.1906246298131311,north_field_l,Unknown
2025-09-09,0.1713504139453791,north_field_h,Unknown
2025-09-09,0.13703012817951932,north_field_b,Unknown
2025-09-09,0.18390238716949442,north_field_k,Unknown
2025-09-09,0.2060014896017255,north_field_m,Unknown
2025-09-09,0.15676390322761832,north_field_g,Unknown
2025-09-09,0.12462223144592949,north_field_a,Unknown
2025-09-09,0.18675165404162686,north_field_e,Unknown
2025-09-09,0.14388307945499088,north_field_c,Unknown
2025-09-09,0.1857238219166202,north_field_d,Unknown
2025-09-12,0.181900521267989,north_field_e,Unknown
2025-09-12,0.18315695292504963,north_field_d,Unknown
2025-09-12,0.17489307324171047,north_field_i,Unknown
2025-09-12,0.15219197965769152,north_field_g,Unknown
2025-09-12,0.1837969634307737,north_field_l,Unknown
2025-09-12,0.16934817293131513,north_field_h,Unknown
2025-09-12,0.16236970655717473,north_field_f,Unknown
2025-09-12,0.14006890917569692,north_field_c,Unknown
2025-09-12,0.1334015167220623,north_field_b,Unknown
2025-09-12,0.1997575010201495,north_field_m,Unknown
2025-09-12,0.24321245639526967,north_field_j,Unknown
2025-09-12,0.1782889563111727,north_field_k,Unknown
2025-09-12,0.09218818951440753,north_field_a,Unknown
2025-09-17,0.1647479577432636,north_field_f,Unknown
2025-09-17,0.24777652073463194,north_field_j,Unknown
2025-09-17,0.1579073374220621,north_field_g,Unknown
2025-09-17,0.19889672869238575,north_field_m,Unknown
2025-09-17,0.12545195061961315,north_field_a,Unknown
2025-09-17,0.18265665964924133,north_field_l,Unknown
2025-09-17,0.17023873302667394,north_field_h,Unknown
2025-09-17,0.1381517109526748,north_field_b,Unknown
2025-09-17,0.187157642749138,north_field_k,Unknown
2025-09-17,0.18349117238944204,north_field_e,Unknown
2025-09-17,0.14439449514236502,north_field_c,Unknown
2025-09-17,0.18509799333328864,north_field_d,Unknown
2025-09-17,0.17783945473479543,north_field_i,Unknown
2025-09-22,0.17287912615041715,north_field_i,Unknown
2025-09-22,0.19737951829917982,north_field_m,Unknown
2025-09-22,0.18163527956804337,north_field_e,Unknown
2025-09-22,0.2465931313690311,north_field_j,Unknown
2025-09-22,0.15322862869551476,north_field_g,Unknown
2025-09-22,0.1848886452868012,north_field_d,Unknown
2025-09-22,0.16189787932986063,north_field_f,Unknown
2025-09-22,0.1419064289602503,north_field_c,Unknown
2025-09-22,0.13530831862189419,north_field_b,Unknown
2025-09-22,0.17631336722986843,north_field_l,Unknown
2025-09-22,0.1656965014287793,north_field_h,Unknown
2025-09-22,0.18161866944551303,north_field_k,Unknown
2025-09-22,0.12065498728209001,north_field_a,Unknown
2025-10-02,0.2595755521816811,north_field_j,Unknown
2025-10-02,0.14268332581099216,north_field_c,Unknown
2025-10-02,0.13761386137805,north_field_b,Unknown
2025-10-02,0.18993435641258333,north_field_k,Unknown
2025-10-02,0.1988606512182221,north_field_e,Unknown
2025-10-02,0.12449578464555937,north_field_a,Unknown
2025-10-02,0.19530844433201722,north_field_m,Unknown
2025-10-02,0.17528594762326208,north_field_i,Unknown
2025-10-02,0.17441808069135872,north_field_l,Unknown
2025-10-02,0.173489503699238,north_field_h,Unknown
2025-10-02,0.15944426727923705,north_field_g,Unknown
2025-10-02,0.16973420093130495,north_field_f,Unknown
2025-10-02,0.20485515457229206,north_field_d,Unknown
2025-10-07,0.13767970155295325,north_field_g,Unknown
2025-10-07,0.14733838515427175,north_field_f,Unknown
2025-10-07,0.1270900962361283,north_field_c,Unknown
2025-10-07,0.23290333065853924,north_field_j,Unknown
2025-10-07,0.17545393519223046,north_field_m,Unknown
2025-10-07,0.15604636161528146,north_field_i,Unknown
2025-10-07,0.16025732953291844,north_field_l,Unknown
2025-10-07,0.1649930834273009,north_field_k,Unknown
2025-10-07,0.17508295792299672,north_field_d,Unknown
2025-10-07,0.17068149233990185,north_field_e,Unknown
2025-10-07,0.12137415106898575,north_field_b,Unknown
2025-10-07,0.15672143479380188,north_field_h,Unknown
2025-10-07,0.10834402675855782,north_field_a,Unknown
2025-10-12,0.17249613745960848,north_field_k,Unknown
2025-10-12,0.13129991990420872,north_field_c,Unknown
2025-10-12,0.1452501741453877,north_field_g,Unknown
2025-10-12,0.23697732446774447,north_field_j,Unknown
2025-10-12,0.12735353662450405,north_field_b,Unknown
2025-10-12,0.16934974943174008,north_field_l,Unknown
2025-10-12,0.15350539816532688,north_field_f,Unknown
2025-10-12,0.16102328241174202,north_field_h,Unknown
2025-10-12,0.17704015492951786,north_field_d,Unknown
2025-10-12,0.11450928643271288,north_field_a,Unknown
2025-10-12,0.1671427670662823,north_field_i,Unknown
2025-10-12,0.17783096633068868,north_field_m,Unknown
2025-10-12,0.175052003339726,north_field_e,Unknown
2025-10-19,0.14998841093965526,north_field_l,Unknown
2025-10-19,0.18459793043792525,north_field_d,Unknown
2025-10-19,0.12989469095102985,north_field_k,Unknown
2025-10-19,0.17708195477090127,north_field_m,Unknown
2025-10-19,0.13196558365670452,north_field_c,Unknown
2025-10-19,0.13800002810038398,north_field_g,Unknown
2025-10-19,0.11319608016679703,north_field_a,Unknown
2025-10-19,0.15539602997681753,north_field_f,Unknown
2025-10-19,0.1878095279800584,north_field_j,Unknown
2025-10-19,0.18031135465248954,north_field_e,Unknown
2025-10-19,0.12729900296809363,north_field_b,Unknown
2025-10-19,0.15987455575509807,north_field_h,Unknown
2025-10-19,0.15901683929384988,north_field_i,Unknown
2025-11-01,0.11160458945394833,north_field_b,Unknown
2025-11-01,0.17162651035022272,north_field_e,Unknown
2025-11-01,0.15280741324775582,north_field_h,Unknown
2025-11-01,0.4455988207990204,north_field_m,Unknown
2025-11-01,0.22752011921649157,north_field_j,Unknown
2025-11-01,0.11616035418604778,north_field_c,Unknown
2025-11-01,0.15975198331091475,north_field_k,Unknown
2025-11-01,0.1403673785320491,north_field_f,Unknown
2025-11-01,0.19504307453413963,north_field_d,Unknown
2025-11-01,0.10073062770772802,north_field_a,Unknown
2025-11-01,0.163440967601787,north_field_i,Unknown
2025-11-01,0.12706315446275238,north_field_g,Unknown
2025-11-01,0.16651121402557925,north_field_l,Unknown
2025-11-21,0.18833988723270245,north_field_l,Unknown
2025-11-21,0.09788984709293842,north_field_b,Unknown
2025-11-21,0.08406782179896026,north_field_a,Unknown
2025-11-21,0.14562053999691651,north_field_g,Unknown
2025-11-21,0.27632700759450474,north_field_j,Unknown
2025-11-21,0.16915865222564205,north_field_i,Unknown
2025-11-21,0.16016918233373934,north_field_h,Unknown
2025-11-21,0.09613575931619107,north_field_c,Unknown
2025-11-21,0.194618026136723,north_field_e,Unknown
2025-11-21,0.16567654138589583,north_field_d,Unknown
2025-11-21,0.1866054549854068,north_field_k,Unknown
2025-11-21,0.7888209319437629,north_field_m,Unknown
2025-11-21,0.14370480168924857,north_field_f,Unknown
2025-12-06,0.24048100920664078,north_field_e,Unknown
2025-12-06,0.19353636141671277,north_field_i,Unknown
2025-12-06,0.8230961186020568,north_field_m,Unknown
2025-12-06,0.26582040001263635,north_field_d,Unknown
2025-12-06,0.2357254731183875,north_field_h,Unknown
2025-12-06,0.1878027499616874,north_field_f,Unknown
2025-12-06,0.18405635641489748,north_field_g,Unknown
2025-12-06,0.3126640621667918,north_field_j,Unknown
2025-12-06,0.201973645627687,north_field_l,Unknown
2025-12-06,0.2171316356871231,north_field_c,Unknown
2025-12-06,0.20752477805039773,north_field_k,Unknown
2025-12-06,0.20563816271616522,north_field_a,Unknown
2025-12-06,0.21773955663768257,north_field_b,Unknown
2025-12-16,0.02671932560276264,north_field_g,Unknown
2025-12-16,0.18156004241695098,north_field_l,Unknown
2025-12-16,0.1851339345883363,north_field_k,Unknown
2025-12-16,0.004505354385836384,north_field_d,Unknown
2025-12-16,0.1736038991662229,north_field_i,Unknown
2025-12-16,0.19145530643452602,north_field_a,Unknown
2025-12-16,0.00700483794085275,north_field_f,Unknown
2025-12-16,0.17444178723065115,north_field_e,Unknown
2025-12-16,0.08860633660042666,north_field_h,Unknown
2025-12-16,0.16376073995425322,north_field_c,Unknown
2025-12-16,0.28275232836056985,north_field_j,Unknown
2025-12-16,0.2316936950468437,north_field_b,Unknown
2025-12-16,0.515141320918079,north_field_m,Unknown
